Кто же знал что когда - нибудь их столкнёт судьба в лице нового сотрудника — Самохвалова … « … Пламя скорби свистит под ногами / Ворохами листвы шевеля … » В « Статистическое учреждение » назначили нового « главного » которым оказывается старый друг одной из сотрудниц — Рыжовой .,3
Так случилось что вскоре после окончания войны судьба свела Лаврова с Сергеем Королевым который пригласил молодого военного инженера принять участие в изучении немецкой трофейной ракетной техники .,3
Однако любопытство и то детская то аристократическая услужливость судьба почти всегда ― в образе полицейского ― неуклонно подводят его к этой роли .,1
Я рада что судьба дала мне эту возможность .,3
" Я подумала : " " Пусть судьба решит какова Клементина и чего она хочет " " . ",3
Это судьба общая такая : - ) и они ( наши девочки ) тоже не исключение : - ),2
Это судьба общая такая : - ) и они ( наши девочки ) тоже не исключение : - ),2
Ещё как мне кажется хороший позволять набивать шишики везде но только ни в областях связанных с образованием работой здоровьем ― то есть там от чего зависит судьба человека .,0
" У Романа Балаяна однако другая судьба : его " " Ночь светла " " выглядит так как будто течение времени не прерывалось общественными бурями перестроечных времён . ",2
Актриса тонко передаёт замкнутое глухое презрение богачки к бедному жениху потом к мужу с которым свела её судьба когда речь идёт о деньгах .,1
И кто его не исполнит тому беды не избежать у того судьба пропащая .,2
Именно от них зависит судьба теории и более точно судьба людей ставших её приверженцами .,0
Именно от них зависит судьба теории и более точно судьба людей ставших её приверженцами .,0
У российского этапа Кубка мира ― сложная судьба .,1
Конечно о будущем он задумывался и тогда казалось что хоть десять - то лет судьба ему приберегла а то и пятнадцать - двадцать .,3
А всего легче привыкает к эдему если судьба привела его подышать райским воздухом южного моря гор сосен вековой тишины и старины .,3
Так выглядит выразился бы Бетховен судьба схваченная за горло !,2
Меня же врача - нарколога интересует судьба больных .,0
То Морозевич защищал тяжёлую позицию потому что от его партии зависела судьба матча то Халифман пожертвовав фигуру неторопясь переигрывал соперника а мы все как заведённые ходили вокруг него … Переживаний хватило бы на пару турниров !,0
Кроме того РСПП тревожит судьба малого и среднего бизнеса поскольку в судах находится 41 тыс . дел о банкротстве компаний большинство из которых полагает Вольский заказные .,0
Моя мама у которой очень непростая судьба никогда при мне не плакала ― и это правильно .,2
Он должен оглядываться на тех от кого зависит его будущая судьба .,1
У ВСЯКОГО российского спикера нелёгкая судьба .,1
История человека которому сама судьба сдала очень приличные карты и который проиграл самого себя,3
" Доклад Е . Н . Черноземовой ( Москва ) " " Состоявшаяся судьба как пример воспитания школьников : где личность в школьных программах ? " " был посвящён обоснованию положения о том что становление представлений о смысле жизни и акме неразрывно связано с формированием у школьников понятия о человеческом достоинстве . ",2
Если почвы сада сформированы на кислых породах во влажном климате то их судьба предрешена .,0
Другое дело как у него судьба сложилась …,1
Если добавить к этому слабую адгезию ( бетон сколько его ни мой всё равно будет пылить ) то судьба покрытия предрешена .,0
Это судьба решит .,1
Можно быть Аленом Делоном которому судьба идёт в руки и можно быть человеком который всего трудом добивается .,3
Изобретателей волнует судьба не только животных но и женщин .,0
" Этой довольно банальной истине в полной мере соответствует судьба предприятия " " " " Сызраньсельмаш " " " " . ",0
" Всячески советую не пропустить завершившиеся в номере мемуары Бориса Фридмана " " Мои военные дороги " " ― судьба у этого девяностопятилетнего человека страшная но благодаря его удивительному дару жить удача его не покидала . ",2
Мне был двадцать один год и я поняла что это ― судьба .,1
Просто судьба подала лёгкий знак .,1
Родись он на двадцать лет раньше ― не знаю как сложилась бы его судьба .,0
Куда только ни закидывала меня судьба на Новый год ― и в Америку и в Таиланд и на острова .,3
Но такова судьба артиста мы дарим людям радость и когда другие отдыхают должны работать .,1
Говорят в жизни каждого гения имеется особый знак которым его отмечает судьба .,1
Однако судьба его вдруг сменила гнев на милость .,1
Ирина уже ничего не ждала для себя лично и в этот момент судьба сделала ей царский подарок .,3
Значит такая судьба …,1
Из этой точки судьба могла пойти вправо и влево .,1
Но время и судьба распорядились иначе : Пушкин там больше не бывал .,1
Вот это судьба !,1
А то ведь всем известна печальная судьба староверов Лыковых : абсолютно здоровые люди вымерли чуть ли не в одночасье столкнувшись с нормальным нестерильным миром .,0
Гуманитарная судьба самой Кореи только что вырвавшейся из оков японского колониализма - пишет он - меньше всего интересовала супердержавы ибо первостепенное значение для них имели свои сугубо прагматические цели .,0
" Без такого шага со стороны КНР судьба Северной Кореи была бы решена - решена однозначно не в пользу Ким Ир Сена - уже к осени 1950 года " " ",0
При этом Ж . Батмунха отличали трезвый подход к специфическим проблемам которые стояли перед Монголией и реалистичные оценки возможностей страны изменить сырьевой характер её экономики сберечь её уникальную экологию а в дни когда решалась судьба страны - твёрдая решимость сохранить мирный характер революции удержать страну от кровопролития .,0
С Юсуповым всё конечно сложно слишком давно он жил но многим другим собраниям ― того же Щусева например ― явно предназначалась иная судьба .,1
" Комментарий Михаила Леонтьева в программе " " Однако " " повторённый дважды я цитирую с небольшими купюрами дабы и вы мой читатель если вам посчастливилось его случайно пропустить почувствовали фантастическую неуместность именно этих слов и выражений именно этого пафоса ― именно тогда когда в любой момент могла решиться судьба заложников . ",2
От того как сложится судьба этой банды зависит будущая судьба России .,0
От того как сложится судьба этой банды зависит будущая судьба России .,0
" И мы знаем как она эта судьба сложится " " . ",2
На самом деле это очень счастливая судьба .,1
" О том как начиналась судьба большого режиссёра напомнит фильм 1968 года " " Седьмой спутник " " по Лавреневу которым дебютировал Алексей Герман ( в содружестве с Григорием Ароновым ) ― история военспеца царской армии освобождённого гуманными чекистами . ",0
Традиция прижилась а вот дальнейшая судьба Людвига унаследовавшего королевский престол вряд ли обрадовала бы его отца .,0
Сама же Клодия была женой Метелла ― того знатного сенатора в свиту которого судьба привела безродного веронца чтобы он мог увидеть вблизи ослепительное божество :,3
Он предложил сыграть вместе ― теперь я считаю что нас свела судьба .,1
Многие из тех кого сопроводила судьба в лазарет уже насмешливо рассказывали одинаковые скучные истории как едва не погибли .,3
Абдуллаева ждала горькая судьба никому не нужного инвалида .,1
Там у вагона его пощадила судьба : удары достались тому кто попался первый .,1
Для России и Германии такой незаживающей раной стала судьба перемещённых культурных ценностей или как принято было говорить раньше вопрос реституции .,0
Удивительно что когда время уже подёрнуло спасительным забвением великие трагедии двух стран ― жертв чудовищных тоталитарных режимов и мировых войн единственным кажется ещё не решённым вопросом остаётся судьба не людей или территорий а предметов культуры ― давнишних археологических находок картин и рисунков великих и малых художников старопечатных книг и инкунабул архивных документов .,0
У философии в России несчастная судьба ― и хотя несчастных судеб у нас много каждая как известно несчастна по - своему .,2
А всё остальное ― как судьба ляжет как Господь положит ну и наш труд .,3
Он не мог в этом разобраться тем более что строгие мама и папа запрещали бабушке рассказывать детям о взрослой жизни но у замечательной женщины ближе которой не было у Колюни на свете водился пожалуй лишь один серьёзный недостаток : как ни била её судьба бабушка оставалась болтливой не умела хранить ни одной тайны зато берегла предания истории происхождения рождений знакомств женитьб замужеств новых рождений,2
Однако Колюня не обижался на дядю за то что тот не отцепил крючка и племянник так и проходил вытаскивая жало всю жизнь ― может быть в кропотливом и бессмысленном действии и была заключена его будущая судьба её неясный ещё в ту пору прообраз но и тогда и много позднее мальчик испытывал перед этим великолепным человеком неловкость и вину .,2
И сколько раз ни висела на волоске судьба этого человеческого побега и сколько на него ни ополчалось сил бабушка пускаясь на хитрости как волшебница - берегиня хранила всех кто был рядом с нею от несчастий и скорбей всех благословляла плодиться и размножаться служила домашним и семейным божествам и звёздными купавинскими ночами писала :,2
На громадном погосте на котором не было у них никакой ни родни ни старой могилы и ничто не объединяло отца с похороненными накануне в тот самый или на следующий день людьми ― ни одна вера ни судьба ни кровь ― ничто кроме общей или близкой даты смерти ― на погосте была своя очередь а среди хоронивших ― несколько ответственных людей которые как водится торопились .,2
И хотя в тех разговорах равно как и в самих обожаемых учительницей говорливых филологах было слишком много ненужного вычурного и пустого не сразу мог юноша с затуманенной головой распознать из тех частных эпизодов и нечаянных встреч складывалась надвигалась и дразнила Колюню сама будущая судьба .,2
всё новое и новое золото . Судьба судьба повторял я .,2
Судьба судьба повторял я . Судьба .,2
всё новое и новое золото . Судьба судьба повторял я .,2
Судьба судьба повторял я . Судьба .,2
от катера ему не оторваться … Судьба судьба …,2
Если бы он испугался … ― тогда значит не судьба …,2
Стало быть это наша судьба .,1
И уж судьба так судьба предсказанная Мариной .,1
И уж судьба так судьба предсказанная Мариной .,1
Или судьба ― песчинка на морском берегу ?,3
Про себя Павел Алексеевич знал что судьба его пошла под горку .,1
Его волновало и будущее лаборатории и сложности которые неминуемо возникли у его сотрудников и в особенности судьба Валентины которую сразу же отчислили из лаборатории лишили временной прописки в аспирантском общежитии и протаскав безрезультатно по кабинетам ведомства отправили обратно в Новосибирск где места ей никакого уже не предложили .,1
Он улыбался Тане он смотрел на неё всё тем же замедленным взглядом и Таня уже тогда кажется догадалась что в эту минуту совершается её судьба .,1
Оказавшись участником операции от которой зависит дальнейшая судьба организации Харлан думая что навсегда потерял Нойс пытается уничтожить Вечность но терпит неудачу .,0
В России почти всегда посмертная судьба поэта удачливей прижизненной .,0
Ах молодость молодость ― звезда падучая поэтическая судьба того падучей .,2
Ан судьба ― злодейка и тут взяла поэта на излом и тут ему подсунула испытание да ещё какое !,3
Потом судьба распорядилась так что отец уехал в Польшу .,1
Мы с ней уже знали наверняка что судьба распорядилась правильно .,1
И судьба …,1
И хорошему артисту не всегда судьба ― перейти из жанра в жанр .,1
Мне кажется иногда ― прошамкал старик ― что судьба послала России картошку потому что она никогда не входила в нормы карточной системы потому что была самой нетрудоемкой культурой …,3
Перейдя на другую сторону проспекта Андрей прощально глянул на дом куда занесла его судьба попросив её не устраивать ему больше таких фокусов .,3
" Да да изменяет ― патетически воскликнул Васькянин ― ропщи не ропщи а такова уж судьба его ; к каким только ухищрениям не прибегают мужчины прорываясь сюда на какие подлоги не идут картофельный комбайн кстати ― это что - то новое … ",2
Печальная судьба заблудших артисток не взволновала однако ни Тимофея Гавриловича ни Елену супругу его .,0
Сама судьба посылала Андрею Николаевичу понятливого слушателя и рекомендателя .,1
" Итак согласно выкладкам новой культурологии отношение к античности " " укорененность в эллинстве " " и её судьба её эволюция в Пушкине оказывается важнейшим признаком его самоопределения в большом времени европейской культуры ( и в основании русской литературы конечно тоже ) . ",0
Поэзия и судьба .,1
Поэзия и судьба .,1
Поэзия и судьба .,1
Это ― судьба .,1
О эта несчастная судьба артиста с космополитически правильными чертами лица !,2
У Миши Державина нелёгкая актёрская судьба ― о нём почему - то не сочиняют сплетен .,1
Как назло судьба туалета на Тверском бульваре не стала торжеством прогресса и научно - технического прорыва .,0
Так что дальнейшая судьба туалета в России загадочна и непонятна .,0
" Во - первых он не должен был обладать явно выраженной склонностью к теоретизированию и полемике : появись в его время ещё одна " " звезда " " вроде Виндхьявасина и всё более " " плюрализировавшуюся " " санкхью окончательно постигла бы судьба шалтай - болтая которого уже ничто не могло бы собрать . ",0
Конечно теперь по прошествии многих лет зная и историю особняка на нашей улице и историю жизни замечательной певицы П . И . Жемчуговой было бы соблазнительно думать : а вдруг сама судьба подавала мне знаки - подсказки для выбора моей теперешней профессии ? . .,3
Уже в послевоенные годы на первом этаже дома поселился ещё один замечательный учёный ― филолог академик В . В . Виноградов с которым меня свела судьба через моего педагога по вокалу Н . М . Малышеву ( я расскажу об этих удивительных людях чуть позже ) .,3
Ничего не поделаешь ― судьба …,1
Им была важна судьба ученицы её интересы её будущность !,0
Уехал с горьким чувством потому что не мог не уехать хотя его сценическая судьба складывалась вполне успешно .,0
Да когда же судьба - то будет милостива к нам ?,3
Смерть нас окружает всё время смерть ― это судьба всего человечества .,0
Знать бы ему что музыковед в молодости был боксёром - легковесом и дошёл даже до чемпионата Москвы а в чемпионате до полуфинала ― и если б не поскользнулся в ответственный момент и противник этим не воспользовался отправив его в нокаут кто знает как бы сложилась его судьба …,0
Это ваша судьба .,1
Я твоя судьба !,2
" Она была намного моложе меня ; судьба свела нас случайно и я не считал что её привязанность ко мне вызвана моими достоинствами ; скорее я был для неё если воспользоваться термином из физиологии просто раздражителем вызывавшим рефлексы и реакции которые остались бы неизменными будь на моём месте физик - фундаменталист в академической ермолке продажный депутат или любой другой готовый оценить её смуглую южную прелесть и смягчить ",3
" Но природное изящество и юность придавали всем её проявлениям какую - то иллюзорную одухотворённость ; в её животном ― если вдуматься ― бытии был отблеск высшей гармонии естественное дыхание того за чем безнадёжно гонится искусство и мне начинало казаться что по - настоящему красива и осмысленна именно её простая судьба а всё на чём я основываю собственную жизнь ― просто выдумки да ещё и чужие . ",2
Но будущее Православия во многом зависит и от того какова будет его судьба вне традиционной православной почвы : будет ли оно иметь на чужих землях своё историческое будущее ?,0
Короче : переводы ― это судьба .,1
Несколько раз судьба подкидывала ему такой соблазн .,3
Выходит они дружили Нестеров и Огнев и каким - то образом судьба свела их с Колюшей .,3
Зато судьба заботливо выручала его из отчаянных положений оттаскивала за волосы за шиворот от самого края …,3
Преклонялся он всего перед одним человеком с которым судьба сводила его дважды подолгу в Берлине .,3
Ощутила себя не вершителем судеб а тем безликим судьба которого вершится .,0
Если по - нынешнему просто судьба выпала мне счастливая нечего бога гневить .,3
Но судьба наконец словно бы поправила некий изначальный непорядок и как раз именно эта редкая благородная кожа сделалась смертельно уязвимым местом .,3
Отцу и матери мальчишки по всей вероятности была известна дядина судьба .,1
Если военная мода в стране только что выигравшей войну подавила бы гражданскую мужскую моду полностью то Рая и её подружки ― жёны лейтенантов ― выглядели бы нормально и на берлинском или парижском фоне перенеси их судьба вдруг туда с сурового фона харьковских развалин .,1
" Однако судьба его недалеко отстояла от судьбы " " Ванька " " . ",0
" Не очень часто но в сентиментальные минуты два раза в год посещают автора мысли о том что судьба его похожа на судьбу персонажа " " Судьбы барабанщика " " мальчишки сбившегося с пути . ",2
У меня в общем счастливая литературная судьба .,1
Разоблачила сама судьба .,1
Куда только его военного переводчика не носила судьба !,1
Это была уже не любовь а судьба …,1
Тут уже не любовь а судьба …,1
Долгие годы его судьба будоражила моё воображение .,1
Тут уже не любовь а судьба …,1
Но в целом судьба им благоприятствовала ― чаще всего место в гостинице вскоре находилось ( на женскую администрацию помоложе вероятно действовала неотразимая улыбка Юрия а постарше ― кудри и неземной облик Сережи ) .,0
Такие упругие ноги ещё долго могут идти ещё впереди полным - полно всякого ещё не прожита судьба .,2
Своими восторгами они как бы подчеркивали что судьба - то мне предначертала быть полной кретинкой .,3
Твоя судьба была для меня дороже личного счастья !,2
Видно уж не судьба ― подумал он снова карабкаясь в гору . ― Ну и чёрт с ним .,1
Однако надо сказать судьба вскоре улыбнулась отцу .,1
Видишь ли ― ответил отец ― может быть этот Гайк в твоём портрете предчувствует свою удачу а от одной удачи часто зависит судьба художника .,0
Я понимал какая судьба их постигла понимал какая судьба постигла всех кто остался на оккупированной территории .,0
Я понимал какая судьба их постигла понимал какая судьба постигла всех кто остался на оккупированной территории .,0
Повторяю : я понимал какая судьба постигла моих родных и близких какая судьба постигла моих земляков .,0
Повторяю : я понимал какая судьба постигла моих родных и близких какая судьба постигла моих земляков .,0
Они видели ямы в лесу каждый день проходили мимо них но о том что эти ямы ― их будущее их судьба ещё не догадывались .,0
Думаю что мне внушил идею вечной весны ( и вечной славы ! ) один сумасшедший скульптор с которым я некогда познакомился в закоулках Монпарнаса куда меня на несколько недель занесла судьба из советской Москвы .,3
Потому нам близок Саша что судьба его как наша .,0
Мой отец простой водопроводчик ну а мне судьба сулила петь .,3
Однако судьба почти всегда была к нам благосклонна .,1
Неужели ты не понимаешь что это наша судьба ?,2
" Тем разительнее исключительная ни с чем пожалуй не сравнимая судьба " " Элуцидария " " : его постоянно переписывали и размножали на протяжении нескольких столетий вплоть до XV в . ; он был переведён почти на все языки католического мира перелагался и дополнялся . ",0
Подобно тому как согласно языческим верованиям у человека имеется своя персонифицированная судьба ( в облике некоего существа или духа fylgja hamingja сопровождающего его на протяжении жизни и либо умирающего вместе с ним либо переходящего к его родственнику,2
Один солидный дядька владелец прачечной возле кампуса рассказывал как судьба швыряла его после войны из Германии в Италию из Италии в Абиссинию оттуда в Кейптаун потом в Уругвай и везде он мечтал о Сан - Франциско .,3
Вряд ли случайный был репертуар у этого толстяка должно быть вся его судьба за этим стояла .,0
И судьба у нас была разная и по - разному текла жизнь но встречаясь мы как - то по - особенному заглядывали друг другу в глаза как будто искали в них какое - то неведомое общее детство .,1
Я не знал что не пройдёт и месяца как судьба столкнёт меня с этим человеком и на протяжении долгого времени он будет занимать все мои мысли и разжигать моё любопытство .,3
От этого может быть зависела судьба дяди Володи .,0
И от того что случилось потом спустя несколько лет когда судьба опять столкнула с Левкой Шулепниковым в институте и опять возникли Соня её отец профессор Ганчук что же осталось в памяти ? что сидит прочно как гвоздь со стальной сверкающей шляпкой ?,3
И помню судьба Вадьки Батона мучила меня особенно .,0
Болит болит душа не может утешиться человек о том что самый дорогой ― жених невеста ― исчез и никто не знает куда унесла его горькая судьба .,1
Ах ты кудрявая судьба обошла тебя не повезло в жизни !,2
" Пропала судьба моя пропала ягодиночка ! " " ― подумал так и слёзы на глаза навернулись . ",2
Это судьба дяди и листовки .,1
Если судьба их пошлёт они будут только подтверждением догадки а не солидной рекомендацией добропорядочности партнёра .,3
Как у всех людей которых гнетёт судьба у Дмитриева выработалось суеверие : он замечал что бывают дни везения когда одна удача цепляется за другую и в такие дни надо стараться проворачивать как можно больше дел и бывают дни невезения когда ни черта не клеится хоть лопни .,3
Значит судьба .,1
Льва Рубина судьба сплела с Германией и ветвями мира и прутьями войны .,3
Из - за того что мы лично потерпели крушение из - за того что нескладна наша личная судьба ― как может мужчина дать измениться хоть сколько - нибудь повернуться своим убеждениям ?,2
Уже не ослепительный конечный успех его политики выступил перед ним а : как ему в жизни не везло и как несправедливо много препятствий и врагов городила перед ним судьба .,1
Но нельзя было пропустить и завтрака : арестантская судьба далеко не всегда дарит такое событие как завтрак .,3
Тут была уютная комнатушка с одним окном открывавшим вид на арестантский прогулочный дворик и рощу столетних лип которых судьба тоже не пощадила и вкроила в зону охраняемую автоматным огнём .,3
Раз он вышел на зенитную дугу ― в тот же миг с извинением даже женщину посылает ему капризная судьба .,1
Так Руську постигла судьба двойников .,1
Неужели и моего брата ждёт такая судьба ?,2
Пока жив Гиндин о нём будут разговаривать такова моя судьба .,1
Может быть если бы не эти бляхи вся моя судьба была бы иной .,0
Вот такое ощущение знаешь : скажем в поезде ты или в самолёте поболтал с каким - нибудь мужиком а потом судьба развела вас на разные меридианы ― тебе конечно досадно ― где теперь этот мужик может его и не было совсем ― и вдруг в Валькином рассказе встречаешь его снова ― вот так встреча !,3
Что делать такова наша судьба .,1
Её судьба была другая .,1
Забудутся шутки лица и смех и судьба случайно рассказанная и случайно высказанная боль .,2
Неудачная горькая судьба Ивана зависела от Ивана .,0
Но пришло новое послесталинское время и судьба судила Ивану шагнуть вновь в ту самую жизнь которая уж утратила и мысль о нём и зрительный его образ .,3
И ему страстно захотелось втолковать объяснить Ивану что всё изменилось и стало по - новому что все старые оценки перечеркнуты и Иван повержен разбит что горькая судьба его не есть случайность .,2
" Да не просто к нарядчикам как каждый день ходит ― Шухов вспомнил : сегодня судьба решается ― хотят их 104 - ю бригаду фугануть со строительства мастерских на новый объект " " Соцбытгородок " " . ",3
Мы с ним работали когда - то вместе в одной бригаде но судьба нас развела .,1
Жизнь и судьба,1
Люди не понимали друг друга в своём разноязычии но их связывала одна судьба .,1
Вероятно человек попавший ночью на сталинградский берег подавленный грохотом и треском вообразил бы что недобрая судьба привела его в Сталинград в час решающей атаки но для военных старожилов это было время бритья постирушек писания писем время когда фронтовые слесари токари паяльщики часовщики мастерили зажигалки мундштуки светильники из снарядных гильз с фитилями из шинельного сукна чинили ходики .,3
Она думала о матери Виктора Павловича ― судьба её ужасна .,1
На мгновение показалось вот - вот она соединит этот сегодняшний день слова сегодняшнего человека целовавшего её с тем ушедшим временем вдруг поймёт тайный ход своей жизни и увидит то что не дано увидеть ― глубину своего собственного сердца ту где решается судьба .,1
Неужели лишь рознь и отчуждённость рождала их общая судьба ?,2
Казалось ничто не изменилось за эти несколько мгновений те же люди были в комнате то же горе давило их та же судьба вела их .,2
" Снова вспомнился Чернецов ― какая жалкая судьба в эпоху " " штурм унд дранг " " . ",2
Такова потрясающая и сжигающая ум судьба самого человеческого учения человечества оно не избежало общей участи и тоже распалось на круги частного малого добра .,0
Как странно идти по прямому стрелой выстреленному коридору а жизнь такая путаная тропка овраги болотца ручейки степная пыль несжатый хлеб продираешься обходишь а судьба прямая струночкой идёшь коридоры коридоры в коридорах двери …,2
Судьба радищевской книги видимо тревожила Каценеленбогена больше чем судьба жены и когда Крымов сказал об этом чекист ответил :,0
В эти минуты решалась судьба основанного Лениным государства централизованная разумная сила партии получила возможность осуществить себя в строительстве огромных заводов в создании атомных станций и термоядерных установок реактивных и турбовинтовых самолётов космических и трансконтинентальных ракет высотных зданий дворцов науки новых каналов морей в создании заполярных шоссейных дорог и городов .,0
Решалась судьба оккупированных Гитлером Франции и Бельгии Италии скандинавских и балканских государств произносился смертный приговор Освенциму Бухенвальду и Моабитскому застенку готовились распахнуться ворота девятисот созданных нацистами концентрационных и трудовых лагерей .,0
Решалась судьба немцев - военнопленных которые пойдут в Сибирь .,0
Его судьба не проходит трагически страшно и мучительно перед Божиим судом потому что Сам Бог вошёл в судьбу мира потому что наша теперешняя судьба связала вместе Бога и человека .,1
Его судьба не проходит трагически страшно и мучительно перед Божиим судом потому что Сам Бог вошёл в судьбу мира потому что наша теперешняя судьба связала вместе Бога и человека .,1
Так было когда под натиском варваров погибла троянская культура так было когда гибли и рассыпались страны древнего Востока так было при разрушении и распаде Римской империи и вот такая же судьба ждёт и современную Европу .,0
Ведь прежде всего неизвестно в чьи руки она попадёт и какая судьба её постигнет .,1
Ну что же что же госпожа Мезонье ― сказал он ― видно такая судьба !,2
Дальнейшая судьба сатиры в 19 - м веке такова .,0
" Тут и " " двоеженство " " и насильственная связь с нелюбимым и нелюбящим человеком и несчастная судьба детей лишённых имени ; каждую из этих коллизий Коллинз разработал в совершенстве и довёл до крайней драматической остроты . ",2
Пожелав Чоросову долгой жизни а себе ― скорой встречи с ним я сел на коня и судьба как оказалось навсегда разъединила нас .,3
Ничья судьба кроме своей собственной вас более не интересует .,1
Иван узнал что гость его и тайная жена уже в первые дни своей связи пришли к заключению что столкнула их на углу Тверской и переулка сама судьба и что созданы они друг для друга навек .,1
Но тут судьба его выручила .,1
И наконец счастливая судьба …,2
Поэта больше не трогала судьба Берлиоза .,1
Это судьба шекспировских пьес где идёт 100 % заглавия 70 % 30 % 10 % .,1
И не успел я подумать что будет теперь далее как судьба сама подсказала это .,3
Соответственно всему этому различна бывала и судьба их затей и судьба их самих и честь которая им полагалась .,0
Соответственно всему этому различна бывала и судьба их затей и судьба их самих и честь которая им полагалась .,0
В самом начале девятисотых годов судьба столкнула его с Бальмонтом Брюсовым Балтрушайтисом .,3
Бедному Р . судьба удачи не принесла .,3
" Светло - синие призраки с обрубленными кистями сидели в двух креслах стоявших в комнате ; они были равнодушно враждебны друг другу как люди которых постигла одна и та же судьба одно и то же наказание но за разные ошибки . ",2
В ту же секунду я вдруг понял всё : ледяное чувство смерти охватило меня и я ощутил болезненное исступление сразу увидев где - то в бесконечной дали мою собственную кончину ― такую же судьбу как судьба моего отца .,2
Но судьба недолго баловала мать .,3
Та же судьба постигала крупных мух с синими крыльями дождевых червей и даже жуков хотя с последними муравьям было труднее всего справиться : жуки гладкие и твёрдые их нелегко ухватить .,1
После письма Перри охватила человечность и нежное чувство покоя : быть может он был доволен несчастьем Мери ― судьба обоих теперь уравновесилась .,0
Пускай обличится роковая моя судьба !,2
Злая судьба .,1
Мы уже средневековые люди не только потому что такова судьба и фатум истории но и потому что хотим этого .,2
Дальнейшая судьба этого незаурядного человека любопытна .,0
В третий раз за время борьбы на Юге я встречался с человеком с которым судьба так резко столкнула меня на широкой казалось русской дороге .,3
Кто знает как сложилась бы тогда судьба армии и Романовского …,0
Мы все опять подтверждаем в виде ура с удовольствием что образуется программа без пролития живого человека но однако печальная судьба вышла вразрез наших ожиданий .,1
" Из холодающих углов идут старухи чья судьба недолга ; из уплотнённых некогда покоев важных ― фрейлины аристократки . ",2
Он понимал что Царьград ― это « всемирная судьба России » и был уверен что настанет время когда « своды древние Софии в возобновлённой Византии вновь осенит Христов алтарь » .,0
Он понял разом что судьба услышала его желание и сделала его могучим властителем страны .,3
Но судьба заставила её развернуть как раз тот лист и натолкнуться на тот столбец где было напечатано :,3
" К несчастью судьба не дала мне своего угла хоть небольшого ; нет никакого гнезда ни дворянского ни птичьего и я сам не знаю куда я денусь " " … ",3
Но поистине плачевна была после Гоголя судьба слабых и лишь неумеренно чутких душ .,0
Как ни печальна была судьба первого шекспиролога но пророчество никого не испугало и Гамлет благополучно будет дурачить нас даже сегодня .,0
Джордано Бруно в Лондоне убийство Дарнлея судьба Роберта Эссекса …,0
Знаете мне всегда было жаль с самого начала что судьба не дала родиться вашей сестре во втором или третьем столетии нашей эры где - нибудь дочерью владетельного князька или там какого - нибудь правителя или проконсула в Малой Азии .,3
Собственно говоря не касаясь других предметов я должен выразиться о себе между прочим что судьба относится ко мне без сожаления как буря к небольшому кораблю .,3
Как зима так я голоден болен встревожен беден как нищий и ― куда только судьба не гоняла меня где я только не был !,3
Сегодня судьба моя решается судьба …,2
Сегодня судьба моя решается судьба …,2
Вы ничего не делаете только судьба бросает вас с места на место так это странно …,3
Да - с удивительная судьба была этого князя Василия Иваныча .,1
Не талан - судьба нам с тобою век заедает а люди .,1
" Человек который на своём нравственном недуге на своей злобе и безумии основывает своё право действовать и переделывать мир по - своему такой человек каковы бы ни были его внешняя судьба и дела по самому существу своему есть убийца ; он неизбежно будет насиловать и губить других и сам неизбежно погибнет от насилия . ",2
Если вопреки полноте христианской идеи Византия снова возбудила великий мировой спор и стала в нём на одну сторону ― на сторону Востока то её судьба нам не образец а укор .,1
" Волновался он очень и даже задумывался ; но тут судьба ― в первый и в последний раз ― сжалилась над ним улыбнулась ему : какая - то дальняя тётка самое имя которой было неизвестно Чертопханову оставила ему по духовному завещанию сумму огромную в его глазах целых две тысячи рублей ! ",3
Я было уже готовился закричать вновь как вдруг судьба ещё раз захотела вероломно подшутить над нами : крокодил понатужился вероятно давясь от огромности проглоченного им предмета снова раскрыл всю ужасную пасть свою и из неё в виде последней отрыжки вдруг на одну секунду выскочила голова Ивана Матвеича с отчаянным выражением в лице причём очки его мгновенно свалились с его носу на дно ящика .,3
Видно сама судьба того хочет !,1
На всё судьба !,1
Что ни говорите ― это судьба !,1
" Отправляясь на следующий день к Гагиным я не спрашивал себя влюблён ли я в Асю но я много размышлял о ней ; её судьба меня занимала я радовался неожиданному нашему сближению . ",2
" Впрочем я должен сознаться что я не слишком долго грустил по ней ; я даже нашёл что судьба хорошо распорядилась не соединив меня с Асей ; я утешался мыслию что я вероятно не был бы счастлив с такой женой . ",3
" Смирно стоял он перед стариком - дедушкой в своём коротеньком рекрутском полушубке засунув руку за пазуху и слегка понурив голову ; в голубых его глазах не видно было огня строптивости или затаённого чувства ропота ; напротив того вся его любящая беспредельно кроткая душа светилась в этом задумчивом и рассеянно блуждавшем взоре как бы свидетельствуя о его вечной и беспрекословной готовности идти всюду куда укажет судьба . ",2
Тут один из ассистентов рассказал мне что Пушкин накануне был в театре где на беду судьба посадила его рядом с,3
Я русский писатель говорит нам г . Гончаров и сознавая себя лицом здраво - практическим вменяю себе в обязанность действовать там где судьба меня поставила .,3
Да Николенька ― продолжал он заметив выражение непритворного участия с которым я смотрел на него ― моя судьба быть несчастливым с самого моего детства и по гробовую доску .,2
Мне отрадно думать что я несчастен не потому что виноват но потому что такова моя судьба с самого моего рождения и что участь моя похожа на участь несчастного Карла Иваныча .,2
" Яков прозванный Турком потому что действительно происходил от пленной турчанки был по душе ― художник во всех смыслах этого слова а по званию ― черпальщик на бумажной фабрике у купца ; что же касается до рядчика судьба которого признаюсь мне осталась неизвестной то он показался мне изворотливым и бойким городским мещанином . ",0
Я доложу вам ― говорил он ― сам бы могу сказать карьеру бы мог свою сделать ну да уж видно судьба такая .,1
Подумайте ― продолжала она как будто говоря сама с собой ― что такое судьба женщины молодой знающей только по книгам что есть хорошего в жизни ?,1
Право слово иногда наобум раскроешь : авось думаешь судьба …,2
" Я с вами пожалуй соглашусь хоть я и не говорил что дамы читают именно те романы о которых вы говорите ; и тут удивительное дело самые пустые французские романы больше развивают женщину нежели очень важные занятия развивают их мужей и это отчасти оттого что судьба так устроила француза : что б он ни делал он всё учит . ",3
В патриархальном затишье тянулись один за другим счастливые дремотные дни и часы и так как всё вокруг тоже шло своим добрым чередом и порядком то ни Семён Иванович ни Устинья Фёдоровна уж и не помнили даже хорошенько когда их и судьба - то свела .,1
Ну уж я вижу ― сказала старуха ― что видно его такая судьба .,1
Явно судьба заботится о том чтоб мне не было скучно .,3
С тех пор как я живу и действую судьба как - то всегда приводила меня к развязке чужих драм как будто без меня никто не мог бы ни умереть ни прийти в отчаяние !,3
Какую цель имела на это судьба ?,1
Посреди этих древностей мы молодые и старые пировали весело и может быть из нас кто - нибудь сидел на том самом месте где за три века перед сим старик Ваза пил из своего кубка сидя между своими двумя сыновьями которых судьба дала такую трагическую знаменитость замку Грипсгольму .,3
" Казалось и природа и судьба помогали его мщению ; враги его все до одного : их отцы матери дети умирали мучительною смертию ; ― то в семействе являлась заразительная горячка и пожирала всех членов его ; то возобновлялись старинные давно уснувшие болезни ; малейший ушиб в младенчестве бездельное уколотие руки незначащая простуда ― обращались в болезнь смертельную и скоро самые имена целых семейств были стерты с лица земли . ",2
Но Ибрагим чувствовал что судьба его должна была перемениться и что связь его рано или поздно могла дойти до сведения графа D .,0
В эту минуту я с ужасом подумал что судьба России на волоске что её существование может через минуту зависеть от толпы бешеных солдат и черни предводимых несколькими безумцами .,0
Может быть и сама судьба завела меня сюда чтоб напомнить мне о сем человеке и кто знает ! может быть он и ныне в состоянии будет мне помочь так как помог при тогдашнем случае ? и ах ! когда бы могло это так случиться и он помог бы мне !,3
И благодетельная судьба не хотела ли меня спасти и освободить от оных !,2
Сего только мнение доставало ещё и сие может быть и надобно было ещё к тому чтоб я не мог впредь и ею никогда прельщаться и тем спокойнее и счастливее жить в деревне куда теперь ведёт меня судьба моя ! . . и ах ! ежели это так то сколь много обязан я за то пекущемуся о пользе моей Промыслу Господню ?,2
Когда судьба прохочет кого гнать или когда Правителю мира что неугодно так может ли тут человек что - нибудь сделать ?,3
Я сказала что судьба моя зависит от воли дядюшкиной что он сам сюда приехать обещал в письме своём которого,2
Но судьба жетона оказалась более сложной .,0
Я не искренен меня не волнует его судьба и ему начихать на то что в душе у меня .,2
Речь о промежуточных выборах которые прошли 6 ноября ( решалась судьба большей части кресел в Сенате и Палате представителей а также большинства губернаторских постов ) .,0
Я пока жив но судьба моя неизвестна .,0
Ну мам не волнуйся . Судьба – значит судьба » – говорит .,1
А потом судьба свела меня с Олей и все пошло как надо .,3
Я рассказывал о том как меня судьба столкнула с разными представителями нашего мира учеными ― причем на меня производили сильное впечатление профессора .,3
У здания реального училища куда менее залихватская судьба : за последний год оно дважды едва не сгорело а дом изрядно обветшал .,1
Мне казалось странным почему взрослые всегда говорят о том как Пушкина убили но никто не рассказывает как его воскресили и как сложилась его дальнейшая судьба .,0
Стало понятно что откладывать лиру больше нельзя судьба русской поэзии под угрозой ― короче я начала писать стихи .,0
" В эпосе нет индивидуальности движущая сила в нем ― всегда масса ; « с давних пор главным признаком эпоса считалось что предметом его является не личная судьба а судьба некоего сообщества » . ",2
" В эпосе нет индивидуальности движущая сила в нем ― всегда масса ; « с давних пор главным признаком эпоса считалось что предметом его является не личная судьба а судьба некоего сообщества » . ",2
Потому что есть Нюта есть фонд есть люди которым я доверяю есть волонтеры потому что именно так сложилась моя судьба .,0
Это судьба не обязательно каких - то очень известных людей .,1
На заметно более грубый облик проекта архитектора Александра Белоконя ― отца советского монолитного домостроения ― повлияла его сложная судьба .,0
Остается лишь надеяться что судьба архитектуры вестибюля все же будет лучше чем у знаменитой аптеки Ларина и Асса ― в ней сейчас « Пятерочка » .,0
Их судьба ― моя судьба … Через несколько часов я окажусь в ином лучшем мире у мамы .,2
Их судьба ― моя судьба … Через несколько часов я окажусь в ином лучшем мире у мамы .,2
Ведь это судьба а не твой собственный выбор .,1
Вообще - то выбор тем более собственный ― это и есть судьба думаю я .,1
Но интересно другое : как эта самая судьба устроена механика её какова .,1
Не судьба » ― говорит .,1
Кстати лингвисты считают что идиома « не судьба » ― это нечто уникальное свойственное только русской культуре непереводимое .,1
Кстати лингвисты считают что идиома « не судьба » ― это нечто уникальное свойственное только русской культуре непереводимое .,1
Не столь удачна судьба проекта « Этногенез » который поначалу очень активно раскручивался потому что какой - то цельной его концепции у создателей как мне кажется не было .,0
" Природа изрекла / И стихотворица Лезбийска вновь родилась » ( П . И . Шаликов ) ; « Но судьба повелела ― и на Севере родилась новая Сафо на Севере появилась Бунина счастливая любимица Муз и Граций ! » ",3
В личности человека с которым меня сводит судьба всегда главный фактор ― его дарование .,3
Вообще Бастер Китон изумительный но судьба ему не улыбнулась так как например Чарли Чаплину который его потом пригласил и они вместе снимались в фильме Чаплина .,1
Был у нее такой родственник Сергей Толстой ― трагическая судьба переломан всеми революциями в восемнадцатом году расстреляли остались чудесные воспоминания о детстве о юности .,1
буквально пары раз хватит а если человеку не судьба помирать так хоть бензопилой его пополам перепили он все равно жив останется вон в новостях показывали хозяйку цветочного киоска ее наркоман десять раз ткнул ножом так она его еще и задержала а потом еще и интервью давала « Ермаку » .,1
Описание литературного процесса глазами Сергея было столь же печальным жалким и безрадостным как Гете в дневниках Эккермана и сам Эккерман в глазах Эккермана и сама судьба Эккермана ( Петров как раз перед тем как Сергей дал ему свой дневник чтобы занять голову прочитал « Разговоры с Гете » найденные в отцовской библиотеке ) .,0
Казалось бы люди со знанием дела работали и предлагали действительно полезные улучшения Но судьба капризна : кто сейчас вспомнит о языке идо и многих других подобных попытках ?,3
Драматургия обогатилась такими пьесами как « Великая сила » Б . Ромашова « Русский вопрос » К . Симонова « Победители » Б . Чирскова « Хлеб наш насущный » и « В одной стране » Н . Вирты « Жизнь в цитадели » и « Борьба без линии фронта » А . Якобсона « В одном городе » и « Московский характер » А . Софронова « Большая судьба » и « Зеленая улица » А . Сурова « Макар Дубрава » А . Корнейчука « Глина и фарфор » Григулиса « Красный галстук » и « Я хочу,2
Борщаговский оберегал от критики пьесы извращающие советскую действительность и образы советских людей зато горячо ополчался на такие пьесы как « Московский характер » Софронова « В степях Украины » Корнейчука « Хлеб наш насущный » Вирты « Большая судьба » Сурова и др .,2
Ну да ее судьба тебя не слишком заботит главное меня убрать .,1
Не сложилась творческая судьба Лёни Нечкина ― не дали работу к которой был подготовлен .,0
хотел спросить Проков ) у каждого в Афгане была своя судьба .,1
Однако судьба распорядилась по - другому .,1
На дороге остался целёхонький ЗИЛ а перед ним ― изрешеченный пулями уазик с тремя если посчитать и Виктора трупами … Вот Коля ― это судьба .,1
От веку с ней внешне такая случилась судьба ― и вот происходит наглядно .,1
существующего … такова видать наша судьба : дальше двинем бесчувственным и скорее всего бестелесным путем … эх не сплоховать бы без ощутимых порядочно человечьих чувств не оступиться бы в выверты впав ям себе наловив на духовную теперь целиком шею одним голым в виде физических параметров убийственно заморышным да к тому же разбродным уже без параметров всяких ― неужто неразличимо призрачным ?,2
И судьба у нее тоже похожа на то как жила в 20 - е годы описанная Айтматовым Алтынай .,0
Если уж судьба забросила в провинциальное кафе с волнующим названием « Мрия » ( мечта ) не стоит удивляться бесхитростному сервису неистребимому запаху кулинарии и бумажным цветам в центре стола .,3
Ведь к примеру описание женитьбы герцога и судьба молодой герцогини О - ской займет целую главу .,0
У каждого слушателя как и у каждого курса своя судьба .,1
Как сложится судьба Даны Курской ( так и хочется ввернуть субкультурное : как поэта ) неизвестно .,0
Но такова судьба всего лучшего и не только в отечестве .,1
93 ] : его быт его служебное положение и обязанности по отношению к царю возможность вовлечения его в перипетии политической борьбы еще не погасшей после завершения I Переходного периода его представления о статусе царя в мироздании и о его мощи его личные взаимоотношения с богами и представления о том в какой мере от их воли зависит его личная судьба его забота о собственном посмертном существовании,2
Очевидно что сцена аудиенции Синухета у царя ( B248 – 284 ) ― кульминация « Рассказа … » напряжение которой сформировано и тем что именно в ходе нее судьба героя должна окончательно решиться и самой ситуацией его предстояния перед носителем сакральности .,0
Да … что ж … видно судьба » ― тихо произнес он минуту спустя .,2
Моё желание что - то нарыть было настолько велико что видимо судьба сбросила на Троицкий раскоп сундучок с находками .,3
Больше половины зарплаты работающих уходит на продукты в августе резервный фонд уменьшился на 18 процентов Минфин предрек его полное исчерпание уже в текущем году та же судьба постигнет фонд национального благосостояния в 2017 году .,1
Ну да что - то не судьба .,1
А свет было не судьба включить ?,3
Я хотел сказать что вы можете у нас Новый год встречать чтобы Мишку раньше времени не шокировать я тут все равно на работе эти дни прозависаю так что поссорились бы мы или нет новогодние праздники вместе встретить не судьба видимо .,1
Это видимо судьба сегодня с Ольгиными мужиками всячески пересекаться » ― решил Игорь но его обрадовало состояние в каком находился потрепанный художник .,1
Марина Николаевна думала что у Красновой судьба тоже учительницы .,1
Увы к моменту сдачи номера в печать судьба « Ротора » не известна .,0
Потому что эта судьба судьба и самого поэта и его наследия сложилась довольно прихотливо .,1
Потому что эта судьба судьба и самого поэта и его наследия сложилась довольно прихотливо .,0
Я не понимал что решается моя судьба она решилась когда в конце он встал и зааплодировал .,2
Бабушке выпала в результате судьба Ани из « Вишневого сада » оставшейся без родителей без средств к существованию .,1
И он зная что от его ответа может зависеть там жизнь судьба все прочее спокойно сказал : « Верую » .,2
Вот видимо общая судьба всех фантастов .,0
Режиссер Фредерикке Аспек считает что таким образом люди всего лишь используют все шансы которые им предоставляет судьба хотя внешне это выглядит как секс - туризм .,3
С российскими беспризорниками судьба свела ее в конце 1990 - х и Ханна сняла о них короткометражный документальный фильм « Дети с Ленинградского » который был номинирован на « Оскар » .,3
Их судьба меня очень и очень волнует .,1
Но такова уж судьба .,1
Нам говорили что надо производить и продавать то что продается на мировом рынке а то что не продается … ну судьба такая .,1
Моя тревога утихает и даже не заставляет меня задуматься о том что возле этого памятника вполне могла бы остановиться машина в которую бы меня запихали силком уже через минуту а дальнейшая моя судьба покрылась бы еще более густым мраком чем теперь .,0
И сама судьба не давала нам расстаться и мы с удовольствием принимали эту особенность нашей жизни и всякий раз встречались как будто последний раз виделись час тому назад .,3
И какова судьба той вашей разработки ?,0
Тогда я над этим не задумывался а теперь понимаю что не случайно всё в жизни складывается вела меня судьба или Всевышний .,2
Почти через 40 лет судьба вновь свела их вместе : вернувшегося из сталинских лагерей В . М . Юстицкого и художника - репатрианта Н . М . Гущина .,3
С тем только уточнением что с ходом времени и стальную конницу постигла судьба красногривого жеребенка .,0
И в этом ― твоя судьба !,1
Трубку там у них снял охранник представился Соколовым и ответил что учебная база расформирована и какова судьба выпускников ему охраннику неизвестно да и знать не обязательно выпустили видимо и все .,0
Она Катюша жила с этим неправильным чувством с того самого дня когда впервые недобрая судьба ее с ним столкнула .,3
< sup > 1034 < / sup > И все же несмотря на отсрочку судьба Свирской колонии была предопределена .,0
С ней надо мириться если уж судьба свела с Русланом .,3
Теперь Маша пишет ему в фейсбуке : рокер настоящий музыкант твоя судьба ― музыка .,2
Но на бразильских Играх ― не судьба .,1