Её завернули в кусок сероватой бумаги и упаковали в прозрачный мешочек .,2
15 . 29 . Электрическая лампа мощностью P = 60 Вт опущена в прозрачный калориметр содержащий воду массой 600 г . За 5 мин вода нагрелась на ? t = 4° C . Какую часть энергии потребляемой лампой калориметр пропускал наружу в виде излучения ?,2
И теперь это движение со стороны казавшееся бессмыслицей обретает очень даже прозрачный смысл .,1
создать в данной области прозрачный набор правил усилить средства контроля увеличить научные исследования .,1
" Все инструкции к ВМС содержат прозрачный намёк : " " рекомендуется женщинам завершившим программу деторождения " " . ",3
Но долго сушиться уже было некогда ? солнце зашло вдали над болотом поднимался лёгкий прозрачный туман .,2
Оказалось осень была такой густоты и силы что при взгляде на прозрачный кристалл неба в кованой оправе золотых лесов перехватывало дыхание .,2
А Новенькая глаз не могла отвести от Кати ? та выудила совершенно прозрачный шар размером с большой апельсин подула на него уложила на ладони и замерла .,2
Они как будто сохранили прикосновение её рук ? полированный слоистый агат черно - синий магнетит шероховатый чёрный нефрит и самый любимый прозрачный обсидиан …,0
Голова была чистой и ясной Андрею Николаевичу показалось что сам он весь ? прозрачный .,3
Но он какой - то странный будто прозрачный !,0
Это значит что бабушка приготовив всё своими руками выставила на длинные столы чтобы накормить сразу много - много людей ? фаршированную щуку и селёдочный форшмак печёночный паштет и прозрачный говяжий студень с аппетитными кружками крутых яиц множество куриц с зашитыми внутри них жареными шкварками обваленными в муке особенный золотистый пирог штрудель ? стоит ли перечислять эти кулинарные чудеса раз рецепты их ушли вместе с нею да,2
А город всё пустел ? бесплотный призрачный прозрачный от пустоты безлюдья .,0
И каждый прозрачный Заяц на своём прозрачном инструменте играл старому Филину старинную французскую песенку .,3
Сначала её секут напополам потом снимают тончайший прозрачный срез и к лицу покупателя на острие длинного и тонкого как жало ножа возносится прозрачный розовый лепесток бери в рот соси и оценивай .,2
Сначала её секут напополам потом снимают тончайший прозрачный срез и к лицу покупателя на острие длинного и тонкого как жало ножа возносится прозрачный розовый лепесток бери в рот соси и оценивай .,2
День стоит высокий солнечный и прозрачный кричат чайки .,0
Но Штерн уже подходил кошачьим шагом мягкий добродушный округлый прозрачный весь до самого донышка .,0
В иных местах рушатся и сжигаются целые кварталы полусгнивших мещанских домишек и очищающий огонь прочесывает раскалённым гребнем землю где скоро из дыма и пламени возникнет новый прозрачный парк или стеклянное здание .,3
" Однажды в прозрачный августовский вечер Великий - Салазкин прогуливался за околицей города прыгал с кочки на кочку собирал бруснику для варенья размышлял о последней выходке старика Брома который заявил журналу " " Плейбой " " что его многолетняя охота за частицей дабль - фью суть не что иное как активное выражение мужского начала . ",3
Налетел ветер исчез туман мир стал стеклянный пронзительно прозрачный и не было тепла ни в ясном солнце ни в синеве воды и неба .,0
День стоял солнечный ясный высокий прозрачный насквозь .,0
И тут знойный воздух сгустился перед ним и соткался из этого воздуха прозрачный гражданин престранного вида .,3
" Человечество будет смотреть на солнце сквозь прозрачный кристалл … " " ",2
И даже тогда когда особенно похож он на бледное привидение когда прозрачный сумрак объемлет его и вот - вот чудится поглотит ? и тогда поэт не сомневается в его подлинности :,3
Воздух мягкий прозрачный и словно пронизанный крупинками золота .,0
Мы запили прозрачный тёплый мёд ключевой водой и заснули под однообразное жужжанье пчёл и болтливый лепет листьев .,2
Мы поняли что это рубрики когда ехали по рижскому взморью нас вез прекрасный русский поэт живущий в Латвии Сергей Тимофеев вокруг было неимоверно красиво абсолютно другой воздух прозрачный .,0
Метая капли в её прозрачный полиэтиленовый дождевик порывы ветра трепали пустую сумку из васильковой ткани .,2
Однако для эффективного использования необходим прозрачный механизм распределения финансовых средств .,1
Обратите внимание на прозрачный мост который проводит нас на территорию Калеичи .,3
Однако монотонность в « Новых анаформах » ? прозрачный поток на дне которого лежат разноцветные камешки галька которую можно разглядывать до бесконечности .,2
Он был худенький прозрачный .,0
ближе к вечеру над лужайками в саду над кустами жасмина над яблонями над крышами дачных домиков над скворечниками поплывет первый в этом году синеватый и почти прозрачный но уже умеющий до изнеможения щекотать ноздри шашлычный дымок а за ним и поверх него поднимется к небу васильково - колокольчиковый женский смех и там в сумеречной зябкой вышине остынет и понемногу затихнет от крещендо до диминуэндо,0
Унитаз ? что унитаз каждая тебе почистит а ты не поленись зеркало протереть и дозатор для жидкого мыла отмой чтобы был прозрачный .,0
Жир как слеза прозрачный .,3
Зеленая тетрадь обернутая в прозрачный полиэтилен все еще остается в ее руках .,2
Понятно что от бюджета потребуется поддержать определенную категорию населения ? но опять - таки прозрачный процесс доведения средств поддержки до объективно нуждающихся в них граждан безусловно окажется более эффективным чем альтернатива .,1
В глубокое еще не черное а сливовое небо поднимался прозрачный столб мерцающей мошкары .,2
Но когда выюлив из ущелья мы двинулись в сторону монастыря с хрустальным как прозрачный ручей именем Хрисоскалити ? сса и покуролесив по горам дорога сделала крутой разворот и вдруг вынырнула взмыла вверх расталкивая пространство в обе стороны внизу ахнула такая пересиненная синева моря с такой перебеленной перекрахмаленной пеной на закорках барашковых волн что вздох застрял в горле .,2
" И наступит кромешный ад И петух закричит в ночи Атмосферы прозрачный слой Распадется над головою И из космоса полетят Смертоносные гамма - лучи Убивая энергией злой Все что есть на пути живое . ",3
Когда вы стимулируете потребительский спрос вы по крайней мере все - таки ориентируетесь на реальный прозрачный спрос .,1
У ВЭБа есть очень понятный и очень прозрачный механизм приема инвестиционной заявки ? рассказывает финансист .,1
Пока провокатор Климов свистел в свистки свастики возле часовенки и магазина эпилептиков пока он перебрасывал через себя убийц и латал дыры от ножей в пальто пока олигофрен Артёмка рисовал сатанинских богородиц и приковывал себя цепями вместе с белокурой Мари любимой игноранткойДжексона пока Плу показывала мне картины такие же как у Зеленографа Трубочистки и такие же как портрет Норы пока отрицание и запрет прозрачный,3
" учащенно дыша выдохнула она ; глаза уже открыты ( светлый текучий мед прозрачный янтарь в солнечном луче зеленоватый с вишневыми искрами ) : ? Ау персона - ал ? ! ",3
все исступленнее все настойчивее вздымается и рвется к небесам распахивает невидимые божественные кулисы : сначала пурпурные кровеносные струйные наполненные самым низким тембром диапазона затем солнечно звонкие складчатые ликующие переливы среднего регистра затем полетно - лазурные упоительные выше которых кажется даже мечта даже сон не взмывают … И наконец его бесплотный невесомый самый прозрачный его белый голос раздвигает последнюю невидимую завесу и растворяется в китовых ребрах гигантского,0
Он извлек из нагрудного кармана пиджака прозрачный пластиковый пакетик с паспортной фотографией Айи помедлил и положил на стойку .,2
Медленный прозрачный разговор не имеющий отношения к их страшному и мутному :,3
После каждого эпизода инкрустация мелодии все богаче и изощреннее голос поднимается все выше выталкивая из груди вверх ослепительные шары раскаленного звука воздвигая плотину из серебристых трелей ввинчивая в прозрачный полусумрак церковных аркад восходящие секвенции гоня лавину пузырьков ввысь ввысь … так ветер нагоняет облака пылающие золотом заката .,2
Голос был такой же слабенький и прозрачный как и она сама .,0
Недавно появившийся и входивший в моду белый прозрачный капрон на розовом атласном чехле выглядел эффектно » ( Комлева 2000 : 111 ) .,2
В уже упоминавшейся повести М . З . Ланского и Б . М . Реста « Невидимый фронт » в списке похищенных у убитой преступниками старушки вещей фигурируют две пары новых нейлоновых чулок которые привез ее сын капитан дальнего плаванья из рейса : « Первой вещью которую заметил Филиппов … был прозрачный целлофановый пакет из - под чулок .,2
На шее болтался свободно повязанный красный прозрачный платок - „ андалузска “ .,2
Наименее прозрачный трансферт ? дотация на сбалансированность бюджетов появившаяся в середине 2000 - х .,1
И понятно что в этом есть вполне прозрачный мотив : уменьшить российское присутствие в мире сократить контакты сделать мир менее комфортным для русских .,1
Впервые в истории независимой Украины происходит независимый гораздо более прозрачный отбор таких кандидатов » ? отметил исполнительный директор фонда Евгений Быстрицкий .,1
В итоге : « Мы смотрим через прозрачный воздух и видим деревья видим вывернутые корни белые подснежники бутоны черники готовые распуститься ? видим саму весну это она .,2
Продолговатый и прозрачный !,0
Осень уходила в зиму пабереги обметали русла рек прозрачный лед затягивал заводи и Хэно понимал что жизнь его семьи уходит как вода из худого туеса .,2
И глаза ? серые с запрятанным в глубине светом как прозрачный обсидиан .,2
И опять этот взгляд ? обжигающий прозрачный .,0
Наконец она вернулась с подносом протерла стол лохматой тряпочкой опустила блюдце и прозрачный стаканчик .,2
В дырки глаз Ник видел дверь приближалась она невероятно медленно словно он шагал сквозь тягучий прозрачный сироп .,2
Этот мир сквозной и прозрачный для снов писем и Вести .,0
Колька вырубил ножом длинный шест попробовал им ? лед был прозрачный лопался белыми трещинами но держал .,0
Била под дых невесомость бытия хотелось придать вес прожитым годам нарастить на их прозрачный скелет живую плоть пустить по венам успокоение .,2
Повод вроде бы не самый значимый но сигнал вполне прозрачный .,1
Блестящий черный и прозрачный густой и жидкий черный .,0
И воздух прозрачный - прозрачный !,0
И воздух прозрачный - прозрачный !,0
Другое дело когда вниманию зрителя предлагают что - то необычное а порой и сюрреалистическое — прозрачный бокал с каплями воды на черном фоне бутылка охваченная пламенем и тонущая во мраке .,2
" Не могу представить что за причины могли толкнуть такого умного и успешного мужчину на этот мезальянс ; я был с разными женщинами : глупыми некрасивыми женщинами с дурным характерами ( с этими даже чаще чем со всеми прочими ) но никогда бы не вынес подобной статистки которая была не глупа но боже походила на прозрачный стакан в который можно налить что угодно . ",2
Глеб почувствовал что по холодной комнате лёгким сквозняком пролетело зловоние ? словно алый и прозрачный шарф Девы Чумы в немецком замке Гогенцоллерн .,2
" Я и ходил гулять в этот лес еще прозрачный весенний с проселочными в скользкой грязи дорогами ; по косогору вдоль поля утыканного сухими серо - желтыми прошлогодними низко срезанными стеблями горчицы ; через чащобу с прелыми и тоже прошлогодними листьями с каким - то черно - серым но уже в почках высоким кустарником ? к соснам свободно стоявшим на опушке леса на мягкой уже почти не влажной в рыжих иглах ",0
Воздух ? прозрачный небо ? на всю Вселенную .,3
Он прозрачный сделан из плексигласа местами мутный немытый видны жирные следы от рук … Куб величиной примерно с человека .,0
Потому что сама виновата ? и никто более а газовики ? нормальные люди у них прозрачный социально ответственный бизнес .,1
" две бабочки - белянки белые ночнушки прозрачный тюль ; мы не закрываем окна не закрываем шторы не слушаем диско ",3
Февраль позади тонкий как папиросная бумага прозрачный как стекло февраль без тебя .,0
Вид отсюда открывался дивный — здесь река изгибалась на другом берегу кончалась деревушка Рачково и поднимался по крутому берегу лес золотой но еще не прозрачный густой .,0
Перед ним стоял в пластмассовой подставке прозрачный айфон с салатовыми кнопочками и бесцветным экраном по которому плыли мерцающие серебряные рыбки .,2
Мгновенно стемнело прозрачный вечер обернулся в южную ночь надел вечернее платье .,3
Иногда он себя уговаривал ? вот Ольга для него надела прозрачный пеньюар .,3
В берегу углубление на дне шарик прозрачный пульсирует .,3
Сквозь прозрачный потолок упали лучи пробравшейся в зенит Небесной Кругницы и все Деловое Гнездо Главного Правильника окрасилось в разные тона фиолетового цвета .,2
То есть стена окно стена окно а в окне ? сиянье воздух такой прозрачный как на ладони всё .,0
Так вот в « Ананасной воде » уже на второй странице повествования появляется вполне прозрачный отсыл к Быкову к названию его последнего романа .,1
В интерьерах доминируют анилиновые цвета сглаженные геометрические формы прозрачный пластик и металл .,2
Впервые в нашей стране был создан прозрачный некоррупционный механизм господдержки отрасли .,1
Это черный магнетит сиреневый аметист черный кварц ? морион а также прозрачный или окрашенный кварц желтоватые гипс и кальцит голубой целестин золотистый пирит и некоторые другие .,2
Мы смотрим через прозрачный воздух и видим деревья видим вывернутые корни белые подснежники бутоны черники готовые распуститься ? видим саму весну это она .,2
Хотите пофорсить ? выбирайте яркие цвета предпочитаете элегантность ? берите прозрачный « напяточник » из ПВХ .,2
Зелёный аппарат прозрачный диск с дырочками .,2
Только прозрачный тихий свет .,3
Я зефир принесла она зефира просила ? Даша положила на стол прозрачный пакет с волнистыми кругляшками .,2
Я зефир принесла она зефира просила ? Даша положила на стол прозрачный пакет с волнистыми кругляшками .,2
Когда меня разбудили в окне я увидел огромный желтый диск от него ко мне шел самый первый и самый прозрачный утренний свет .,0
Мощный удар литавр и к потолку к лепным плафонам летит вступительный аккорд : слитно - прозрачный чистый .,0
Попов вышел императрица поднялась с постели облачилась в еще один и уж совсем не прозрачный пеньюар подошла к бюро отомкнула бронзовым ключиком замок вынула книгу для записей .,3
Он протянул Легову на ладони небольшой темный предмет упакованный в прозрачный пластиковый пакетик чтобы сохранить отпечатки пальцев .,2
Стихотворение « Я вижу : выс ? ко - выс ? ко летят » содержит еще один прозрачный пример банальности :,3
Надо ? вполне способна и на прозрачный бульон и на фигурные вареники .,2
Интерн Виталик удивлённый тем что оказывается он не совсем прозрачный раз уж красавица и умница Заруцкая знает его отчество достойно доложился .,3
Изюминка » технологии заключается в том что « бумажный » лист на самом деле представляет многослойный прозрачный пластик между слоями которого в специальных микроячейках располагаются капельки вещества похожего на жидкие кристаллы .,2
Отец Герасим молчал большие темные от работы и солнца руки лежали на коленях и подрагивали ? дело происходило на пасеке куда батюшка зазвал Илью поглядеть подаренный ему в день ангела прозрачный улей и вон оно ? к улью даже не повел сразу усадил на лавку .,3
Требования по обеспечению заявки на участие в конкурсах и аукционах премьер предложил снизить с 5 до 2 % что по его мнению обеспечит максимально прозрачный и открытый доступ предпринимателей к торгам .,1
" Но и древле распрей мир и ныне Мир разлук ? семи разлук свирель Пьяный сон луча в его пустыне ? Вечного прозрачный хмель < sup > 277 < / sup > . ",3
У Хашема тонкий слух и слабый голос он держит у уха гавал прижимая ободом к скуле ? зеркало голоса : слюдяно - прозрачный бубен в который потом начинает понемногу звонко бить .,2
Шипение эспрессо - машин а дальше ? черный и прозрачный взгляд кофе .,0
Три девушки одетые как хирурги в стерильные спецкостюмы и маски занимаются тем что делают в куриных яйцах дырки и впрыскивают внутрь прозрачный раствор .,2
Пронзительно чистый прозрачный Бог проникновенно чистого прозрачного слова .,0
Все быстрее быстрее и сливались в прозрачный водяной поток .,2
Лорд вошел через нее как за прозрачный театральный занавес и стекло сомкнулось за его спиной сделавшись целым .,2
На груди у него огромный прозрачный кулон в форме сердца в котором светится огненный локон устрашающего размера .,2
Его иногда даже скорпионом называют потому что на вид он такой же прозрачный а во всем остальном настолько же безобидный но сейчас я не уверен ни в чем кажется все - таки скорее девицы убьют его чем наоборот .,0
Воздух был прозрачный и чистый .,0
Они верят что вокруг их девичьих тел возникнет золотой прозрачный колокол который как доспехи защитит их от пули и штыка .,2
Так вот я играл монетами ? ставил на ребро и щелкал пальцем по краю так что она крутилась превращалась в звонкий прозрачный шарик .,2
Наконец почти совсем выбившись из сил я втащил контейнер в пилотскую кабину и сорвал с себя прозрачный шлем .,2
Маруся точно запомнила его лицо невероятно бледное с яркими голубыми прожилками на висках и на шее прозрачный … Лицо ?,0
Вот сейчас перечитал и поразился : какой прозрачный .,0
Николай делает выразительную паузу и тут же продолжает его речь совершенно чистая красивая но без вычурностей льется как прозрачный ручеек .,2
За этим виден прозрачный намек : давайте сделаем как было в 90 - е .,1
Чай из этих мест особо ценится во всем мире его отличает прозрачный медный настой и приятная горчинка во вкусе .,2
После подачи школьных баллов автобиографии и рекомендаций прозрачный этап селекции заканчивается и начинается загадочная работа приёмной комиссии ? отбор первых среди равных .,3
Время шло уже к осени и солнце не нагревало прозрачный голубой воздух а пробивало его насквозь мимоходом скользя по Валеркиной голове испуганно втянутой в худющие плечи по пустынному берегу по начавшим желтеть кустам и застрявшим в них радужным паутинкам по сердитой спине злого как черт Петьки и по темной воде сквозь которую оно проникнуть уже не могло и поэтому все что невидимым осталось,2
Из пыльцы и нектара цветков кипрея ( иван чая ) пчёлы заготавливают кипрейный мёд прозрачный зеленоватого отлива .,0
Грубый прозрачный намек на мою уникальную монографию « Буратино как главный блатарь детской советской литературы » с ее знаменитым примером о « некте » вошедшем во все учебники мира .,3
У Чалфи возникла идея использовать GFP как индикатор при исследованиях круглого червя - нематоды Caenorhabditis elegans ( этот маленький прозрачный червячок был любимым объектом экспериментов Сидни Бреннера лауреата Нобелевской премии 2002 года ) .,2
" криптон прозрачный ( грибок ) ; ",3
Недавно хозяин опять удивил меня : принёс из магазина какой - то прозрачный пузырь опоясанный яркими цветочками наполнил его красно - сладковатой гадостью и торжественно повесил под потолок веранды .,2
Через несколько дней удалось придать стёклам относительно прозрачный вид и убедиться что аквариум не протекает .,1
Я собирала желуди и потом дома делала ей бусы : прозрачный лак большая игла суровая нить терпение и хороший вкус .,2
Готовила меня к ней Аля добрая душа беря с собой на купленный ими участок ? беря еще в ту пору когда редкий словно прозрачный каркас их дома лишь начинал проступать над фундаментом .,0
Воздух в эти дни был особенно прозрачный и замерший как и положено природой для ранней осени .,0
Прелестная таможенница бестрепетно извлекла из рюкзака бутылку и засомневалась : бутылка фирменного виски была упакована в соответствии с международными правилами еще и в прозрачный пакет магазинов « дьюти фри » .,2
Понятен ли мой господин маркиз прозрачный намек ?,3
Гусев медленно наполняет золотистой жидкостью прозрачный кувшин .,2
Причина этого явления в том что прозрачный для естественного света материал на самом деле неоднороден или что то же самое анизотропен .,2
Ученые Университета штата Мичиган ( США ) создали прозрачный пластик который по прочности близок к стали а по толщине может быть как лист бумаги .,2
Синтезированный на базе природной глины и специально созданного нетоксичного композитного клея новый прозрачный полимер по мнению ученых является самым экологически чистым из существующих пластических масс .,2
Встретился на дороге этот прозрачный и чистый родник .,0
Кузьмич вступил в конкубинат » дальше следовал прозрачный намек на … Не важно .,3
Они не могли дать ей такой прозрачный псевдоним .,1
С тех пор все чаще перед ее глазами стал появляться черный прозрачный старичок который встревал когда она хотела обратиться к Ваде или Королеву .,2
Ну и еще эта легкая рассеянность чувство отстраненности от жизни вызванное тем что человек помещен за прозрачный барьер химикатов предохраняющих от душевной вовлеченности в отношения с окружающими его циничными хищниками и поэтами - романтиками .,2
Белый почти прозрачный краб размером с детскую голову метнулся в щель между трубами и тихо скрёбся там пока Остер не отвёл фонарь .,2
Рыба исчезла ? вместо неё под водой остался лишь прозрачный сгусток похожий на медузу .,2
Одно время рабочий его кабинет украшал прозрачный рентгеновский снимок сломанной ( кажется ) ключицы ? снимок висел над столом в качестве иллюстрации спортсменского ухарства .,2
Хрупкий прозрачный созданный из почти воздушных по весу металлов самолет занимал весь ангар в который никто кроме самого шейха и двух его техников не имел права даже носа сунуть ибо Абдулла Надари Ак - Саид ибн Халим боялся в этой жизни только одной вещи ? дурного глаза .,0
Наблюдательный кот заметил : на краю румяного поджаренного солнцем облачка привычно уселся ангел и подперев бесплотными руками прозрачный подбородок принялся ожидать скорой работы .,3
И тут из - за поворота появился огромный прозрачный медведь и проплыл между ними как привидение через стену .,2
Он лихо подкрутил прозрачный ус и сделал такой жест пятками который обычно делается чтобы звякнули шпоры но сейчас никаких звуков не последовало .,3
Кричал в прозрачный микрофон прозрачный толстый дяденька .,2
Кричал в прозрачный микрофон прозрачный толстый дяденька .,3
Округлое темно - синее раздвоенное брюшко переходит в прозрачный цилиндрический хвостовой стебель вооруженный двумя удлиненными перистыми щетинками .,2
Это прозрачный намёк на взаимоотношения Петра с дочерью виноторговца из слободы Анной Монс с которой царь поддерживал отношения около 10 лет ? с 1692 - го до осады Шлиссельбурга в 1702 - м .,3
Пилия не вставая дотянулся до сейфа и вытащил прозрачный полиэтиленовый пакетик в котором темнело что - то вроде пятака .,2
Самопальный героин получился теперь без примесей ? светло - коричневый прозрачный .,0
В руках бабка сжимала прозрачный пластиковый пакет с пустыми бутылками .,2
Открывал он ее отодвигая три широких доски окрашенных только временем ( во мне еще живо было недоумение : почему прозрачный дождь окрашивает белую древесину в серый цвет почему кипяток делает красное мясо таким же серым как старые доски ?,2
Они смотрели сквозь него будто бы он прозрачный .,0
" Ей бы спрятаться в норку укуклиться в маленькой квартирке где свисает старый абажур с кистями на кухне булькает чесночный борщ густой и прозрачный при этом ; курчавый неулыбчивый сынок строит деревянный домик все живы здоровы и слава Богу . ",0
В такой тихий прозрачный день только свежевыпавший снег на горах да зеленоватый оттенок бездонного неба говорят о приближении зимы .,3
брезгливо сказал Рогов и сделал движение отложить почти прозрачный как лепесток дорогой рыбы ( и кажется рыбой пахнущий ) ломтик ржаного хлеба но Негатив перехватил хлеб и переложил себе в тарелку прямо на майонез .,0
Пыльный ветер стих и прозрачный вечер опустился на город .,3
Она рассматривается только как промежуточное звено или как прозрачный медиум лишь слегка преломляющий коррелятивно - референцирующий луч между теми же двумя исходными аналитическими сферами ? логическим значением и внеположным референтом .,3
Если определять в привычных терминах то этот прозрачный случай тогда когда к сохраняемому тем же синтаксическому субъекту в новом синтаксическом периоде добавляется предикат иной природы ( иной языковой модальности или тональности ) нежели первый .,3
Они еще хороши тем что кожа отделяется от них сразу со всеми волокнами и вы получаете плод облупленный как яйцо сочный почти прозрачный .,0
Это оказался прозрачный пластиковый октаэдр .,2
Американский ученый - физик из университета Сан - Франциско установил что прозрачный гель служит высокочувствительным термометром улавливающим изменение температуры воды всего на тысячную долю градуса .,2
Когда мы добавляем кубик / прозрачный красивый бульон / ароматный / вкусный / сытный .,3
И тут с меня сходит прозрачный яркий лед сковавший мозг дыханье .,2
" Последний пакетик самый маленький завязанный двумя узлами содержал в себе несколько носовых платочков кружевных женских совсем крошечных палево - розового цвета ; я рванул зубами прозрачный пластик и уловил запах духов ? ее моей любимой духов ? острый тяжелый горький . ",2
За решеткой на воле был прозрачный теплый сентябрь .,3
Коричневые соски торчат сквозь прозрачный шелк ? стволы направленные в лоб продюсерам .,2
" Кто - то смачно чавкая жрал нечто непотребное кто - то хлебал прозрачный чай кто - то тачал ржавой иглой дичайшие бесформенные тапочки ; не менее трех групп одновременно резались самодельными картами в стос ; отдельная парочка при группе болельщиков передвигала фигуры по шахматной доске . ",3
Теперь она стояла на столе прозрачный пар струился над нею и Юра чувствовал себя дома глядя на этот пар .,3
Когда она подъехала к нему открылся прозрачный фонарь кабины и пилот сорвав с головы шлем громко крикнул :,3
Джип все еще дымился но дымок был уже бледный прозрачный видимо дотлевали какие - то резиновые прокладки .,0
Воздух здесь был какой - то прозрачный дышалось на удивление просто темнота не казалась пугающей и даже повествование Хана не настораживали и не волновали так что Артему подумалось что Хан был так мрачен не из - за тайн и опасностей этого туннеля а из - за бесплодности своих поисков и трудов .,0
Одежда быстро пропитывалась густой черной кровью и в прохладном воздухе книгохранилища от нее поднимался прозрачный пар .,2
Позитивная пленка для черно - белых фильмов представляет собой бесцветный прозрачный целлулоид покрытый светочувствительной эмульсией .,2
Сейчас нам кажется что мы навечно по крайней мере надолго но я годясь Наташе почти в отцы своим опытом немолодого человека знал что мы расстанемся завтра и этот прозрачный вечер растает превратится лишь в зыбкое марево воспоминаний .,3
Что - то мне вчера очень мужа хотелось : - ) и на прокладке сгусок прозрачный и тянучий был но больше никаких выделений .,0
Весна Цвет кожи : прозрачный бледный с нежно - золотым подтоном .,0
Сначала белый наношу а потом прозрачный .,0
Или белый молочный т . е . немного прозрачный ?,0
Это наносится на ногти выглядит как бесцветный лак есть и цветные вроде ( я нашла только прозрачный ) продается в аптеках .,0
Они взяли по бокалу белого вина ? просто чтобы сесть с чем - нибудь за прозрачный столик в углу .,2
Не знаю может быть дом какой - нибудь ? легкий прозрачный с арками и лесенками или фонтан или еще что - то такое …,0
Воздух прозрачный дома так и летят по ветру .,0
Представьте что выбранный вами объект прозрачный и вы смотрите в межбровье как бы сквозь него на два три метра вперед .,0
В конце первого года после введения зрупеля мы подвели открытый и прозрачный для всех баланс его работы что фактически показало рост золотовалютного запаса Русляндии уже в первом году на 57 процентов .,1
Шприцы серии SE отличаются оригинальной высокопроизводительной вакуумной системой снабженной двухуровневой защитой от попадания продукта и влаги в вакуумный насос : первый уровень – прозрачный « стакан » который находится в поле зрения оператора .,2
заботливо усадив каждое в небольшой но глубокий прозрачный зиндан .,0
Как будто на белый прозрачный мрамор,2
Стиль глубоко индивидуальный « прозрачный » или « темный » который ни с каким другим нельзя спутать .,0
И вы увидите как между пальцами появляется прозрачный столбик который постепенно растягивается .,2
Так там на сцене ? огромный прозрачный церковный купол а в нем помещен оркестр артисты же играют на авансцене .,2
Вечер 13 марта 1781 года в курортном английском городке Бате выдался тихим прозрачный весенний воздух застыл недвижим наступавшая ночь обещала быть темной и безоблачной .,3
А Жикин раньше прозрачный был как стеклышко .,3
Островский был их знаменем в борьбе за прозрачный и эффективный капитализм против патернализма непотизма и коррупции .,1
4 . Далее в июне т . г . мною был внесен законопроект чтобы все - таки изменить форму приватизации кондитерской фабрики и судоремзавода с коррупционного « акционирования » на понятный и прозрачный аукцион .,1
Наслаждаться солнечными лучами позволит прозрачный потолок площадью 1 4 м2 дополненный шторкой .,2
А еще кто - то прозрачный разгуливает по коридорам Государственного Кремлевского дворца .,3
Есть еще один оригинальный профиль - прищепка он очень узкий прозрачный им можно окантовать раковину стеклянную полочку или даже края ковра .,0
Корпус прозрачный по краям ? неон .,0
Секрет техники оптического обмана заключается в том что на тканый рисунок цветов наложен прозрачный слой ткани повторяющий композицию с небольшим смещением .,2
мне очень понравился тонак Виши там есть матовый ( Крем Сатинэ ) и прозрачный ( Аера Тент ) .,0
Посоветуйте пожалуйста чтоб он был : - очень легкий практически прозрачный - не было фарфорового лица - супер - увлажняющий ( кожа сухая - сухая ) - люксовский Спасибки : ) .,0
Покупайте белый или прозрачный дездорант : - P,2
согласна хороший дезик но только не белый а гелевый прозрачный .,0
Для нашей страны такого рода прозрачный процесс подготовки государственных документов непривычен .,1
Зеленоватый прозрачный пластик позволяет любопытному взгляду проникнуть в хитросплетения плат и проводов электронных блоков .,2
Днем сквозь прозрачный купол в отель льются потоки света а вечером виднеется звездное небо .,2
В арсенал средств пользователя - аналитика входит ядро информационно - поисковой системы прозрачный многомерный аналитический интерфейс библиотека инструментов интеллектуального анализа данных .,1
Попробуй вечером расслабиться глядя на прозрачный камень .,2
Трехэлементный одноступенчатый прозрачный гидротрансформатор ( активный диаметр 390 мм максимальный коэффициент трансформации ? 2 . 539 максимальный к . п . д .,2
В прозрачный стеклянный куб при минимуме отвлекающих от насекомого деталей помещается бабочка стрекоза или жук .,2
Так крохотный червяк прозрачный для ученых готов заменить в их опытах любого добровольца показывая как и почему болеет человек и можно ли его спасти .,3
Это хрупкое дощатое сооружение на высоких сваях - ногах выбеленное до рези в зрачке солеными ветрами и штормом парило над Лисьей Бухтой словно буддийский храм в Лаосе или Камбодже ? невесомый прозрачный как будто подвешенный невидимой нитью к ослепительно лазурному небу .,0
Байкал как таковой ( в смысле : самый глубокий прозрачный планетарные запасы воды … омуль нерпа …,0
Или это был прозрачный намек на « равноудаленность » ?,1
Чистый печальный прозрачный …,0
Именно поэтому я предложил в результате этой беседы составить некий пакт о взаимной ответственности и взаимных обязательствах между государством и бизнесом что могло бы придать более предсказуемый и прозрачный характер как действиям властей так и бизнеса .,1
У Паолы был удивительно чистый и прозрачный голос .,0
Самый прозрачный и самый чистый из всех какие я когда - нибудь слышал .,0
Говорю да он не черный а прозрачный это космос черный .,0
Вот идет она по луговине энергичным шагом деревня и Ангара справа слева открывшиеся за оголенным леском выкошенные поля воздух прозрачный по - осеннему стекленеющий иглистый подходит к одной из старых берез с потрескавшейся кориной и видит что на нижний сук перекинута прялка .,0
Она заботливо протянула через перила прозрачный пакет .,2
Твой прозрачный намек понятен ? в тон ей отвечала Мария ? но я и в любви не теряю надежды .,3
Мысль о том что телевидение ? не прозрачный медиум уже не вызывает споров .,2
Этот очень интересный и не очень прозрачный способ развития туристической деятельности мог бы заинтересовать соответствующие краевые органы .,1
Эта попытка утверждали участники заседания предпринята « весьма узкой группой » ( прозрачный намек на Черчилля и лорда Бивербрука ) преследующей « своекорыстные политические цели » и жаждущей удовлетворить « личные амбиции » .,3
Кому - то нужен пример того что даже самый прозрачный бизнес у нас не может чувствовать себя в безопасности от произвола .,1
Не сразу выяснилось что ярый демон ( всесокрушающий природный Ярило ) разумеет прозрачный язык Евклида и что божественное Ярое Око не отменяет « разумный человеческий взгляд » .,3
Намек весьма прозрачный если учесть тот ставший достоянием гласности факт что концепцию переписывал лично премьер .,1
Далее государство должно искать союзников в борьбе за « прозрачный » честный бизнес .,1
Мед чистый и прозрачный как янтарь мелкими капельками оседает на стенках жестяного барабана и медленно стекает в общую тару .,0
Главный экономист ИК « Тройка - Диалог » Евгений Гавриленков не особенно в это верит : « Создается не стабилизационный фонд а более прозрачный вариант финрезерва .,1
Это означает более прозрачный механизм определения базы для начисления дивидендов .,1
Такой прозрачный как слеза с золотистыми « глазками » и пахучий … Харви всегда знал толк в хороших курах .,0
Если вексель изначально возникает как инструмент расчетов между конкретными должником и кредитором то облигация ? это несомненно более прозрачный публичный финансовый инструмент .,1
Да » ? сказал тихий прозрачный голос .,3
В том - то и беда ? горевала Даша ? что хорей здесь не совсем чистый и прозрачный он уже в первом стихе лишен невинности и обезображен спондеем .,0
Их анемичные тонкие губы просят беззвучно пощадить изменить ход истории дать еще хоть глоток бесценной дарованной Б - гом юной жизни но их прозрачный взгляд уже утратил земную энергетику застыл на века их страшный предсмертный стон …,3
Живешь дышишь воздухом от которого легким так хреново от того что он такой прозрачный ешь сырые брокколи без соуса и чувствуешь что умрешь здоровым .,0
Кроме того на дорсальной стороне короткого непарного яйцевода расположен прозрачный мешок который функционирует как семяприемник .,2
В общем такой прозрачный намек что следующей осенью нам могут бросить кусок если мы будем себя хорошо вести .,1
Зоркого зоркий ? ясный прозрачный .,0
Он прозрачный .,0
Для чего мы должны представить ему четкий и прозрачный бизнес - план вложить собственные средства в его реализацию доказать перспективность а главное ? высокую прибыльность нового производства .,1
Он худой прозрачный руки как стебли ( или как плети очень слаб ) все говорят о его хрупкости …,0
Временный же статистический провал популярности « серых » схем связан с тем что « старые » страховщики специализировавшиеся на такого рода операциях выросли и переключились на прозрачный бизнес .,1
Секретируют прозрачный гипотонический пот с низким содержанием органических компонентов который выделяется на поверхность кожи охлаждая ее .,2
Он был похож на смерч только сильнее любого что мне в жизни приходилось встречать и совершенно прозрачный .,0
Простое вещество ? чистый прозрачный раскаленный углерод : суть алмазная плоть воздушная блеск ? золотой .,0
Он придумал и велел воздвигнуть огромный насквозь прозрачный муравейник ? и назвал : Санкт - Питербурх .,2
Так что теперь каждый желающий может дойти до подножия белоснежных гигантов и собственными руками потрогать прозрачный как кристалл лед ниспадающий застывшими потоками с серебряных склонов гор .,2
Там укутанная в темный прозрачный платок в компании жены Мамедова заплаканной Зульфии восседала Лариса .,2
Из рассказа жены героя книги ? известного врача - эндокринолога : « В Литве скорректировали сценарий « дела врачей » написанный в Москве … сделали вид что не поняли вполне прозрачный намёк » .,1
Самый прозрачный олигарх,1
Развитие в тени имеет свои серьезные недостатки » ? заявил самый прозрачный олигарх .,1
Минэкономразвития аргументирует необходимость проведения рыбных аукционов тем что аукцион ? это понятный и прозрачный рыночный механизм распределения ограниченных ресурсов .,1
Над заправкой « Шелл » висел бледный прозрачный месяц .,3
Светлая умытая зелень воздух несмотря на всю эту химизацию сельского хозяйства прозрачный и легкий в дыхании .,0
На днях они купили желто - прозрачный кусок мыла с застывшей как древняя мушка в янтаре внутри каракатицей и положили его как ни в чем не бывало на умывальник .,2
И это не тот бюджет что декларируется а реальный прозрачный где просматриваются все доходы и расходы .,1
Чернышевский же запихнул в этот прозрачный дворец все : и сады и залы для праздничных трапез и разные загадочные комнаты куда удалялись обитатели дворца и возвращались из « царства тайн на легкое веселье » ? в общем все что нужно для вечного праздника жизни .,3
Даниэль Вайл который преподает сейчас промдизайн в Королевском колледже искусств в Лондоне еще двадцать лет назад придумал прозрачный водопровод .,2
На груди ее покоился прозрачный шарик с безостановочно вращающимся обручальным колечком .,2
Потому посередине сцены двухъярусная башня ? Вавилонская башня башня Пизанская ? нечто что заведомо не стоит прочно нечто хрупкое наивное и смешное : лестница Иакова прозрачный кораблик из Васильевских снов который всплывает снова и снова в разных обличьях и узнаваем по хлопанью парусов мачтам и корабельным канатам .,2
Французский язык ? цепкий паутинный слишком аналитичный суховатый и однообразно - прозрачный .,0
Выйдя из здания мэрии мы буквально наткнулись на шикарный цветочный павильон ? большой и прозрачный с чем - то зеленым желтым красным и … живым внутри .,0
В результате реакции получился бесцветный прозрачный раствор .,2
Бесцветный или цветной прозрачный материал выпускается толщиной от 0 093 до 0 354 или 0 22 дюйма ( стойкая к трещинообразованию версия ) .,2
Напомним что злополучное заявление Ходорковского о том что после сорока пяти он уходит в политику содержало в себе вполне прозрачный подтекст .,1
Рядом веселый красно - белый прозрачный компьютер ( им виртуозно владеет дочь поскольку сам Марко обладает лишь элементарными познаниями в такой технике ) подаренный солистом « группы 883 » Максом Пеццали успеху которого Лодола способствовал двумя рисунками : « Аэровидение » и « Полет других » .,2