С ностальгией вспоминаю только универ это особый мир по которому потом скучаешь .,3
Но опять же мир изменился …,5
Была в США в Washington DC и штате Вермонт как делегат программы « Открытый мир » по теме « Образование » .,6
Из той же оперы когда российский профессор в интернете на весь мир заявляет что он работает в Германии в университете при детальном же рассмотрении оказывается что он работает там на так называемом 1 - Евро джоб ( т . е . за 1 - Евро / Час ) .,4
В дыре в заводской общаге и мир их был ограничен этим .,5
Кстати стремящимся и мир стал помогать ( японец закодировал пьяницу - отца от алкоголя помог им культурно развиться пригласив в Японию гаишник обеспечил сопровождение дедуле в его экстрим - поездке когда тот прицепился альпинистским снаряжением к самосвалу ) .,5
Пойми Петя мир состоит из умных и глупых из сильных и слабых из тех кто может свою судьбу перевернуть и из тех кто плывет по течению .,5
Друзьям не отказывают и это правильно и поэтому крутится мир .,5
Это фильм о взрослении о прорыве в большой мир со школьной скамьи личности начиненной ненавистью к власти финансистов помноженной на страх бедности .,3
Так мир вернул мне часть свободы .,5
Все знают что сорить ? плохо но с завидным постоянством продолжают забивать мир отходами с длительным периодом полураспада .,5
Про тех кто « мир весь обойдет чтобы найти кого - то » .,5
Этот фильм — отдельный особый мир .,5
Тихонов не просто ходит молчит смотрит на небо он показывает внутренний мир своего героя в каждом движении чувствуется интеллигентность ум и чувство собственного достоинства .,3
Кино — это особый мир где выдумки и невероятные фантазии приветствуются .,3
Семнадцать мгновений … » — это целый мир существующий по ту сторону экрана .,3
Надо сразу : спасти мир .,5
Про « Войну и мир » Толстого есть фраза что девочки читают про мир и пропускают про войну а мальчики наоборот .,6
Про « Войну и мир » Толстого есть фраза что девочки читают про мир и пропускают про войну а мальчики наоборот .,1
Мне этот мир очень напоминает мир каких - то детских снов в которых голубое небо зеленая трава и всё хорошо ) ностальгия ),0
Мне этот мир очень напоминает мир каких - то детских снов в которых голубое небо зеленая трава и всё хорошо ) ностальгия ),0
Хе - хе ) скоро эта игра захватит мир ),0
Краткие содержания спасут мир ),5
Уравнительная цивилизация покрывающая мир надёжной выгодной и удобной сетью единообразного сервиса даёт слабину на рынках романских народов .,1
Наконец целый новый мир микроРНК или малых временных РНК ( small temporal RNA ) остававшийся не замеченным учёными в течение многих лет предстал перед нами в качестве широко распространённого и « обычного » регулятора генной активности в процессах развития и клеточной дифференцировки у высших организмов,0
Вы вместе с воинами Красной Армии до конца исполнили свой долг разгромили агрессора вернули народам Европы мир и свободу .,1
А всё - таки не проходит и года чтобы кактусовый мир не потрясла новая находка порой сенсационная .,3
Кто болел кто облучился кто погиб в катастрофе ? мир вашим душам наши дети !,0
Однако эта модель по мнению докладчика претерпела значительные изменения особенно - за последние полвека поскольку после распада СССР мир стал однополярным .,1
В частности мы вновь констатировали что справедливый и прочный мир на Ближнем Востоке реализация национальных чаяний палестинского народа возможны лишь при урегулировании арабо - израильского конфликта в соответствии с резолюциями 242 338 1397 и 1515 Совета Безопасности ООН и Мадридскими принципами .,1
В настоящее время мы обсуждаем с Генеральным секретариатом Организации вопросы связанные с проведением в Москве под патронатом ОИК конференции « Ислам мир развитие и борьба с терроризмом » .,1
В философском смысле можно ссылаться на онтологию как на определённую систему категорий являющихся следствием определённого взгляда на мир » .,3
Неформально онтология представляет собой некоторое описание взгляда на мир применительно к конкретной области интересов .,3
Это эксцентричный интеллектуальный мир но он забрасывает крючок тебе в душу .,3
Модель множества формализованных задач ТАУ ( « мир » задач ) представляется в виде,0
Возможно когда ребята освоят этот новый для себя вид резьбы и начнут вырезать фигуры знаменитых людей музей деревянных фигур в Спас - Клепиках прославится на весь мир как музей восковых фигур мадам Тюссо в Лондоне .,4
В качестве основных составляющих выделены минерально - сырьевые водные земельные лесные ресурсы и прочие ресурсы к которым относятся рыбные ресурсы животный мир запасы дикорастущих плодов и ягод рекреационные ресурсы .,3
Животный мир .,5
Животный мир Республики Бурятия богат и уникален .,3
Животный мир Республики Бурятия богат и уникален .,3
Тоже « Войну и мир » перечитывала ? вернее прочитала заново подумала что за бред я писала в сочинении .,6
А сейчас думаю что это книга о том как война взорвала привычный мир о несправедливости и князь Андрей ? ровесник ? уже не кажется таким благородным героем .,3
" чем дальше читаю тем больше ваш сын напоминает моего : - ) покупаем много справочной литературы : о странах и городах мира о футболе очень хорошо идут книги типа « 300 фактов которые вы не знали » " " 100 воин которые изменили мир » " " Что это и почему так устроено » . ",1
" Только в другой системе координат : под " " взглядом " " людей которые в силу своей болезни видят мир иначе . ",0
Юной практикантке этому агрессору в юбке удаётся внести смятение в маленький и вполне устоявшийся мир обитателей интерната удаётся расстроить взаимоотношения друзей начальников и подчинённых слепых и зрячих .,3
Умирающая мать ( Ширли Хендерсон ) боится что сын будет плохим опекуном и до последнего мгновения хочет забрать с собой Роберту в мир иной .,2
Показатели межрегиональной мобильности заметно ниже : у мужчин и женщин в возрасте 20 - 24 лет они достигли соответственно 14 47 и 14 33 % . Более высокие показатели миграционной активности молодёжи традиционно объясняются поиском места в жизни необходимостью получения образования и приобретения определённых профессиональных навыков желанием увидеть мир создать семью и т . д .,1
Научная серия : Международная миграция : Россия и современный мир .,4
" 64 с . ? ( Я вхожу в мир искусств ; N 4 ) ",2
" Я вхожу в мир искусств ; N 6 ) ",2
" Шкаф здесь как в булгаковском романе ? дверь в небытие откуда приходят в мир чтобы ожить на коротком балу спектакля персонажи " " Вишнёвого сада " " . ",2
А мир местечка из которого бежит в своих мечтах героиня театрален и поэтичен .,3
Старческая тривиальная мудрость наполняет её рассуждение о том что весь мир ? местечко Фрамполь и незачем бывать повсюду чтобы понять его законы .,4
Для ребёнка сказка ? волшебный мир где всё допустимо .,3
" Павловский даже сформулировал лозунг : " " Путин ? это прежде всего мир " " ? и добавил загадочно что " " мир " " в обоих смыслах слова . ) ",0
" Павловский даже сформулировал лозунг : " " Путин ? это прежде всего мир " " ? и добавил загадочно что " " мир " " в обоих смыслах слова . ) ",0
Пока вы читаете эти фразы ваш труд повторяет множество ваших двойников склонившихся над той же страницей распахнутой в других запредельных мирах о которых знать ничего не знают астрономы и которые обрисовывают в своих моделях учёные - космологи смыкающие науку с мистикой а наш мир ? с дуновением иного бытия .,3
Именно тогда мир оказался расколот на Макрокосм и Микрокосм .,5
" Представьте себе что толстовская " " Война и мир " " ? это один " " гипермир " " а каждое из слов мелькнувших на страницах романа ? одна вселенная подобная нашей . ",6
" А может быть весь наш мир ? это одна " " голографическая пластинка " " ? ",0
" Для этого надо ещё раз вдуматься в сравнение приведённое Хоукингом : " " Наш мир ? это голограмма " " . ",0
У Путина в Чечне мир Кремль дружит с чеченской администрацией отводит войска передаёт местным властям власть налоги бюджет и оружие .,1
И этот мир будет устанавливаться ещё прочнее после выборов когда у власти останутся лучшие друзья : Путин с олигархами в Кремле Кадыров со своими приятелями с гор ? в заново отстроенном новом здании администрации в Грозном .,5
Вы уже в таком возрасте когда надо на мир посмотреть и себя показать .,5
Ты должен посмотреть мир увидеть других слонов с хоботами .,5
Им смотрит на мир моллюск наутилус родич давно вымерших аммонитов .,5
Поэтому мир для наутилуса выглядит мрачно .,5
" Другой ? " " глаз пессимиста " " ? видел всё в чёрных тонах ; мир казался грубым изломанным резко очерченным . ",0
" Для обладателя такого органа зрения ? а именно он и называется " " глазом " " - окружающий мир становится ярким и отчётливым . ",3
" Подобная модель наглядно доказывает что как только первые примитивные организмы открыли саму возможность " " запечатлевать " " мир ? моментально копировать одним из своих органов расположение окружающих предметов и их форму ? тут же этот орган начал совершенствоваться пока не достиг высшей формы развития . ",3
Социальный мир можно рассматривать как множество теорий произведённых и усвоенных взаимодействующими людьми,0
" Так создаётся особого рода силовое поле теории : попавшие в него люди видят мир себя свои интересы через призму теории и действуют " " по прописям " " теории в том числе втягивают в поле теории других людей . ",3
Те кто попал в силовое поле теории видят мир в терминах и обозначениях теории приписывая предлагаемые ею названия ( номинации ) смыслы и значения всему что они воспринимают и не воспринимают того что теория не наделяет номинациями,0
Пусть их не знает научный мир зато их знает правительство .,5
" За " " мирный период " " 1996 ? 1999 годов население в целом осознало как славно " " пошутили " " над ним " " гуманисты " " " " правозащитники " " и т . п . устроившие в 1994 ? 1996 годах " " борьбу за мир " " . ",1
" Вероятно наиболее последовательно поддерживает преемственность " " Новый мир " " : на страницах журнала всегда можно найти рассказы и повести связанные с традицией консервативного " " почвенничества " " . ",6
" Впрочем именно " " Новый мир " " пытается преодолеть разрыв между традицией и современностью публикуя театральные кино - CD - и интернет - обзоры в которых кратко и емко рецензируются самые последние культурные события . ",6
" В рубриках " " Эхо " " " " Нация и мир " " освещаются вопросы геополитики межэтнических отношений культурного пространства . ",6
Например только в 2002 году в нашу парторганизацию пришли 33 молодых образованных квалифицированных кадров а в мир иной ушли 4 коммуниста .,2
Небольшая группа исследователей ( И . Вернер К . Годловский М . Б . Щукин и др . ) полагает что римская цивилизация не затронула славянский мир и в этой связи отрицает проживание славян в ареале провинциальноримских культур пшеворской и черняховской .,3
Вы все прекрасно знаете что славянский мир переживает ныне очень тяжёлую эпоху ? я назвал бы её славянской энтропией то есть « разбеганием » славян .,3
" Наш мир создан каким - то Достоевским только не столь гениальным как Фёдор Михайлович " " ? сказал он Одоевцевой . ",0
" Худой мир лучше доброй ссоры а Георгий Иванов называл их нынешние отношения " " худым миром " " . ",0
Тем более что всё это означало сближение с Адамовичем худой мир после столь долгой ссоры из - за того что Адамович вольно или невольно опорочил Георгия Иванова .,5
" И если когда - нибудь возможен для русских людей " " гражданский мир " " взаимное " " пожатие руки " " нравится это кому или не нравится ? пойдёт это мне кажется по цветаевской линии " " . ",1
Едва ли кто - либо из читателей сомневается в том что окружающий его мир трехмерный .,3
Там мир может быть совсем не похожим на наш …,5
" Это похоже на то как если бы лист бумаги ( двумерный мир ) мы согнули бы трубку тогда по одному измерению вдоль трубки " " бумажный мир " " мог бы быть неограниченно большим ( длинным ) а по другому ? свёрнутым в микроскопически малое колечко . ",3
" Это похоже на то как если бы лист бумаги ( двумерный мир ) мы согнули бы трубку тогда по одному измерению вдоль трубки " " бумажный мир " " мог бы быть неограниченно большим ( длинным ) а по другому ? свёрнутым в микроскопически малое колечко . ",3
М . : Весь мир 2003 .,4
Вплоть до Кеплера сфера Луны делила космос на две метафизически разнородные части : мир горний и мир дольный земную юдоль и жизнь вечную .,2
Вплоть до Кеплера сфера Луны делила космос на две метафизически разнородные части : мир горний и мир дольный земную юдоль и жизнь вечную .,2
Они во всем различны а во многом противоположны : и по материи по форме и по видам движений ? невидимая граница обозначенная Луной разделяла мир несовершенных ( прямолинейных преходящих насильственных ) движений от совершенных ( круговых вечных естественных ) .,2
" Раньше любое движение нисходило в мир извне от вращения " " примо мобиле " " . ",2
" Другой ? почти безнадёжно запутанный мир вычислений никак не сходящийся к " " фигурам светящимся в душе " " . ",0
" Выступая от лица гуманитариев против засилья математизированного " " здравого смысла " " Владимир Набоков в своё время констатировал что умозрительная сеть наброшенная на мир физикой срослась с ним ? из внешней стала внутренней . ",3
Две бледнолицые бельгийки Ким Клийстерс и Жюстин Энин - Арденн вот лучшее что смог выставить остальной теннисный мир против сестёр Уильямс .,4
Человек прошедший через войну хранит мир .,1
Увы в нашем Отечестве зачастую таланту воздают должное лишь тогда когда его обладатель уходит от нас в мир иной .,2
" Ещё в предыдущем своём романе " " Нам целый мир чужбина " " Александр Мелихов впервые заговорил о так называемой " " М - культуре " " . ",0
" Впрочем дотошный рассказчик - наблюдатель в самых разнообразных реакциях на " " минуты роковые " " стремится усмотреть и сформулировать общее : живущие в эпоху перемен люди бегут прочь от реальности подменяют действительный мир желаемым . ",3
Только преображённый чем - то дополненный а чего - то лишённый фантазией мир хоть отчасти становится для героев романа приемлемым и даже порой привлекательным .,3
" Или старая как мир головоломка : " " Почему в Париже Сена не горит ? ",0
Весь мир был охвачен горбиманией и я оказался даже не первым советским журналистом с которым Визенталь согласился переговорить .,4
Учитель биологии . Так как хрусталик роговица и стекловидное тело ? это собирающая линза то оптическая система глаза даёт перевёрнутое уменьшённое изображение и мир мы должны видеть перевёрнутым .,5
" Из - за острова на стрежень " " ? мир казачьей и разбойничьей вольницы ; " " Мой костёр в тумане светит … " " ? русская " " цыганщина " " ; " " Степь да степь кругом … " " ? дорога смерть одиночество и т . д . и т . п . ",0
Таким образом перебирая в застольном исполнении эти песни - формулы мы создаём цепочку символов за каждым из которых ? целый песенный мир т . е . пласт русского этнического менталитета .,3
" К середине 1970 - х Пиночет до основания разрушил " " старый мир " " и приступил к строительству нового призвав к руководству экономикой так называемых " " чикагских мальчиков " " - около 30 чилийцев - учеников Мильтона Фридмэна убеждённого сторонника идей свободного рынка который получил Нобелевскую премию за разработку своей монетаристской экономической теории . ",3
Просто необходимо спокойно и внимательно прочесть такую пьесу попытаться войти в её мир почувствовать её глубину .,3
В нашей профессии важно за словами драматурга увидеть некую другую реальность другой мир .,3
Почувствовать его полюбить а потом через пространство ритмы артистов попытаться этот невидимый мир сделать видимым воплотить его чтобы пьеса ожила задышала .,3
Она старательно выстраивает свой иллюзорный мир оберегает и сохраняет его .,3
И вдруг появляется человек которого Мавра когда - то любила она вспоминает свою первую любовь и её иллюзорный мир рушится .,3
Она безнадёжно устарела ? весь мир уже давно ездит на переднеприводных машинах .,4
Именно он ввёл меня в мир музыки благодаря ему я пошла совершенно другим путём в своей жизни .,2
Я влюбилась сразу и в Фонаря и в мир музыки .,2
На самом деле никто не в силах изменить мир сделать хороших людей плохими и наоборот .,5
Так и Греческий мир не вместился в Римскую державу : он переживёт Империю на много веков в форме Научного Интернационала европейцев .,5
Но очень много неясностей ? неясно как они соотносятся между собой как они соотносятся с другими тремя макросемьями и т . д . И кроме этого есть весь остальной мир ? осталась Америка в которой по теории Гринберга есть одна семья ? америндская но на самом деле этого никто не знает точно .,4
Образы и значения этих слов надо искать не там где возвеличился и пал Рим не там откуда финикийцы отправляли во все концы свои корабли не там где раздираемый противоречиями прощался со всем византийский мир а с того места куда 12 октября 1492 года открыв Новый Свет причалили испанские корабли .,1
М . : Весь мир 2003,6
Французская кухня и ресторанный бизнес ? мир крайне сложный и полный противоречий .,5
А оставить братков без защиты Боже упаси ? того и гляди мир перевернётся .,1
Наверное наш огромный мир не менее неисчерпаем чем геном чем электрон чем атом …,0
Легко разрушить мир но трудно его восстановить .,5
Вот только мир видимый им выглядит странно плоским .,5
Пёстрый мир,5
Этот мир придёт если в душе каждого человека будет царить Закон Создателя Его .,3
" Только с начала нового года на территории Марийского Заволжья обнаружена целая дюжина трупов тех кто отошёл в мир иной по " " пьяной " " причине . ",2
Традиционные линнеисты опасаются того что новая система внесёт в мир растений ещё больший беспорядок .,3
К ним например относятся информатизация Интернет рыночная система хозяйствования организация и управление транснациональными компаниями и т . д . Считать эти формы угрозами и вызовами ? значит объявить весь внешний по отношению к России мир угрозой .,5
" В блистательный и неповторимый город отметивший своё 300 - летие и поразивший весь мир своими " " Белыми ночами " " своей историей и красотой . ",4
Мы наконец приступаем к решению задачи которую весь цивилизованный мир уже решил .,4
" Именно она направляет любознательность малыша на постижение окружающей действительности порождает желание реально а не " " понарошку " " включиться в сложный мир взрослых . ",3
Первостепенное значение в физическом воспитании детей имеют всевозможные игры и состязания ведь мир ребёнка ? это прежде всего мир игры .,3
Первостепенное значение в физическом воспитании детей имеют всевозможные игры и состязания ведь мир ребёнка ? это прежде всего мир игры .,3
Кто же ещё так зорко видит мир и не только своими глазами но и глазами своих персонажей ?,0
" А вот США экономика которых наоборот даже поднялась на военных дрожжах чувствовали себя более комфортно и стали по сути дела единственным рынком сбыта для Jaguar Triumph или MG из вычурных салонов которых посмотревшие мир вчерашние вояки зычно горланили : " " Поцелуй меня детка я победил Японию ! " " ",4
Потому что в начале 80 - х западный мир столкнулся с польской проблемой .,5
" Новый мир " " 2001 №№ 9 ? 10 . ",6
Из образа шприца увиденного мельком на лестничной площадке выводится понятие наркомании которое вырастает в обобщение : люди не хотят видеть неприглядной реальности фактов и перевирают мир себе в удовольствие ? самоуслаждаются .,3
Этот амбивалентный мир не способен на реальные достижения он покачивается туда - сюда чем соблазняет одних на бездействие и гармоническое слияние с ним других ? на импульсивные непоследовательные движения .,3
Они сгружают программу - клиент устанавливают её на своём компьютере и соединяются с сайтом игры после чего браузер становится окном в придуманный разработчиками мир живущий на удалённом сервере .,3
Таким образом взрослые люди стали марионетками Карабаса Лукаса который впоследствии утащил в свою фантазию весь мир : и актёров и поклонников .,4
Школа резко сужает мир детской игры .,5
Посмотрите что творят шестилетние дети на переменах : они за пять минут успевают выстроить целый игровой мир .,3
На Западе лишь очень немногие знаменитые на весь мир университеты имеют возможность отбирать абитуриентов по их академическим достижениям .,4
" Однако " " основной вопрос философии " " получает своеобразное преломление во взглядах Витгенштейна на математику : сознание делается здесь частью бытия а мир идеальный ? частью мира материального . ",0
Есть мир состоящий из фактов и есть язык отражающий этот мир .,3
Есть мир состоящий из фактов и есть язык отражающий этот мир .,3
В значительном числе случаев их появление связано с тем что Витгенштейн мысленно создаёт некую малореальную или же совсем нереальную однако же логически допустимую ситуацию и тем самым ? с целью пояснения хода своих мыслей ? как бы переносит себя и читателя в воображаемый параллельный мир .,3
Атлантида : затерянный мир .,0
" То - то одна из черт поведения Печорина давно замеченная : он подслушивает подглядывает рассчитывает не довольствуясь обыкновенным течением событий ; он вмешивается в них переделывая данность и создавая другой мир поскольку ещё до того как осознаёт чувствует : в этом ему нечего делать . ",3
Иными словами человек брошен в абсолютно обезнадеженный мир ? таково открытие экзистенциальной философии толкующей о том как существовать в такой среде .,3
Адриана жившего в 76 - 138 годах н . э . называют одним из самых мудрых правителей Древнего Рима сумевшим обеспечить империи относительный мир и благополучие .,1
Спорт ? это мир,5
Ныне Хаген ? удивительный пример человека не меняющегося с возрастом : она по - прежнему эпатирует интервьюеров своим поведением и не перестаёт нести на весь мир ту чушь которая слетала с её уст лет десять - пятнадцать назад а музыка при этом не становится менее талантливой и дикой .,4
" Своими " " ирокезами " " татуировками и прочими попытками искусственно привнесённым уродством усилить эффект от естественного данного от природы они доказывали своим дерьмовым предкам что этот дерьмовый мир плавает по уши в дерьме и что туда ему и дорога . ",3
Да и идея того что весь мир ? дерьмо не выглядела здесь столь революционной .,5
" Войска Хиддинка удивили мир и создали новую историю " " . ",0
" Весь мир кажется жаждал её низвержения кроме ничтожных ( по меркам 18 - тысячной арены ) 5 тысяч американских болельщиков почти не слышимых в " " Conseco Fieldhouse " " : руки и рты у них заняты сэндвичами и поп - корном . ",4
Острота пережитого постепенно притупляется жизнь возвращается в прежнее русло глаза и уши начинают воспринимать окружающий мир .,3
После похорон весь мир в глазах ребёнка может окраситься в мрачные тона и будет казаться что жизнь никогда не вернётся в прежний ритм .,3
Но весь мир давно знает что важнее и престижнее Каннского кинофестиваля ничего нет в мире кино .,4
Пусть снимут трупы пусть весь мир узнает как нас здесь убивают !,4
" Её взгляд на мир уже порченный положительным знанием не признающим Бога предъявляет жёсткий счёт эпохе Гоголя эпохе очарований с которой не желает считаться неумолимый " " логарифм " " . ",3
Но времена когда мы открывали строительный западный мир давно минули : ведь это только для нас новинками были пластиковые трубы герметики структурные штукатурки и окна « Велюкс » а для всего цивилизованного мира это было привычной повседневностью .,5
Возможно за океаном возлагают надежды на культур - империализм ? если « Кока - Кола » « Звёздные войны » и Микки - Маус заполоняют собой весь мир то потребители такого счастья сами собой проникаются чувством лояльности к великой стране им это счастье подарившей .,4
" Знаете мы в театре играем " " Войну и мир " " . ",6
" Новый мир " " предлагает повесть Аркадия Бабченко " " Алхан - Юрт " " . В основе пережитое самим автором . ",6
" Констатируя в предисловии что Пик считается одним из китов на которых стоит мир " " фэнтези " " ( двое других ? Толкиен и Т . Х . Уайт ) переводчик С . Ильин подчеркивает что он гораздо ближе к Свифту Диккенсу Гоголю Гофману и Кафке . ",3
Ведь роспись ? это образ Царствия Божия идеальный гармоничный мир .,3
О многих из них написаны замечательные книги но как в капле воды отражается мир так в маленьких бытовых деталях выявляется порой характер человека .,3
Когда его не стало я вдруг поразилась ? насколько мир человека в его отсутствии говорит о нём .,3
Смотрим на мир так нелепо наряженный ,0
Это видимо их свойство ? мгновенный реактивный ответ на события будь то мир или отдельная семья .,3
Мне показалось что мир в котором мы живём раскололся .,3
Заработанных за десять секунд которые потрясли легкоатлетический мир .,4
Казалось что она открыла новую дверь и вошла в новый мир .,5
Человек познаёт мир через себя .,5
Так они познают мир .,5
" Истцов трое : " " Ассоциация узников Освенцима и лагерей Верхней Силезии " " " " Израилитская консистория Франции " " и " " Движение против расизма и за мир между народами " " . ",1
И конечно же весь мир надеялся на трудолюбивый Китай .,4
Надо быть очень книжным ? или очень молодым ? человеком чтобы чувствовать мир иначе .,5
Вообще французы не очень любят путешествовать весь мир для них сосредоточен во Франции .,4
Как и все прочие высказывания залакированные многими языками фраза о том что красота спасёт мир кажется ужасной банальностью .,1
История Лондона . ( М . : Весь мир .,4
" Серия " " Весь мир знаний " " . ",4
История Лондона . ( М . : Весь мир .,4
" Серия " " Весь мир знаний " " . ",4
Когда небо ещё колют сотни маленьких иголочек от шампанского а щёки ? тоже но уже от мороза когда мир ещё по инерции торжествен но уже не суетлив и потому похож на оперный театр .,5
И он должен жить по тем же законам которыми живёт весь деловой мир .,3
В первую очередь должно произойти цивилизованное деление сфер влияния ? на сегодняшний день криминальный мир по - прежнему имеет слишком большой вес .,3
Каждая его вилла индивидуальна и отражает не только авторскую концепцию но и глубоко личностный мир его заказчиков .,3
Но так многое противится сегодня подобному взгляду на мир .,5
Поклонникам археологии самое время в Бонн : такой полной выставки о Трое её истории и сокровищах мир ещё не видел .,4
" В нашем университете помимо факультетов и кафедр научно - исследовательских лабораторий функционируют отдел международных связей гуманитарный лицей украинская воскресная школа издательско - полиграфический центр студенческий театр клуб " " Посольский час " " издаётся научно - методический журнал " " Русский язык и литература в Азербайджане " " выходит газета " " Студенческий мир " " . ",6
" Жюри в состав которого входили крупнейшие писатели современности представители 50 национальностей предлагалось оценить " " Илиаду " " и " " Одиссею " " Гомера несколько пьес Шекспира " " Войну и мир " " и " " Анну Каренину " " Льва Толстого несколько романов Достоевского Габриэля Гарсия Маркеса книги Фолкнера Кафки и других писателей . ",6
Ведь именно так на протяжении нескольких веков греческий мир называл Великую Русь .,4
" Огромную подпольную студию транслирующую на весь мир через Интернет " " живое " " порно обнаружили вчера стражи порядка в подмосковном Королеве . ",4
Можно с не меньшим историческим правом утверждать что « столетие по - русски » замыкают две глобальные провокации которые были направлены против России против Империи : провокация Александра Парвуса - Гельфанда в соавторстве с германским правительством подстегнувшая революцию в России крах самодержавия и её « несчастный » сепаратный мир с Германией ( см . мою статью « Двойные агенты Бога и Дьявола ? II .,1
Революционер должен проникать всюду во все высшие и средние классы в купеческую лавку в церковь в барский дом в мир бюрократический военный в литературу в III отделение ( тайную полицию .,2
Именно потому что современный мир в результате глобализации вновь оказался на пороге « восстания аутсайдеров и маргиналов » фигура и идеи Сергея Нечаева ? разумеется при деятельном участии Достоевского ? опять приобрели неожиданную актуальность .,4
Он учится познавать мир в том числе и читать тактильно пальцами .,3
Сейчас мир перенасыщен музыкой .,5
" Съесть нужно лакомство и сказать волшебные слова : " " Мир лесу этому мир царству этому ! ",0
Природа Сахарнова - подводный мир и далёкие страны .,3
Результат После любой из этих масок ( плюс массаж ) ощущение такое словно смотришь на мир новыми глазами .,3
" Война и мир " " " " Семейное счастье " " . ",6
Умение распределять себя в разрежённом « романном » пространстве « Лебединого » ? поклон Владимиру Бурмейстеру поставившему своё « Озеро » для парижского театра ( на волне моды на советские хореодрамы ) и Наталье Макаровой навязавшей западным коллегам жесточайшую конкуренцию и заставившей балетный мир заговорить по - русски .,4
Барайнски не « спелась » с камерным Шуманом произведя тот же эффект что произвёл бы какой - нибудь скрипач сыграв Вивальди на скрипке - самоделке ? ей ли с её несовершенным « инструментом » в мир классического совершенства Моцарта в вагнеровский космос ?,2
" Завтра утром проснешься ? и пойдём в " " Детский мир " " . ",6
Положим в том что Россия не является страной белых медведей и тундры нам удастся убедить мир очень не скоро .,5
Правда к Рождеству весь мир даже те кто читает Ролинг в переводах уже получит новую пятую историю приключений Гарри Поттера но так это весь мир …,4
Правда к Рождеству весь мир даже те кто читает Ролинг в переводах уже получит новую пятую историю приключений Гарри Поттера но так это весь мир …,4
" Так ею были записаны две беседы с С . Я . Маршаком на эту тему впоследствии опубликованные в качестве приложения к его очерку " " Дом увенчанный глобусом " " ( " " Новый мир " " 1967 № 9 ) . ",6
" И если другие книги находили отклик только в профессиональной отраслевой прессе то об этой отозвались журналы " " Вопросы литературы " " и " " Новый мир " " . ",6
" А прочитали ли Вы что пишет о Лаборатории " " Новый мир " " ( статья Туркова " " Заметки о критике " " ) ? ",6
" Цивилизованный мир " " стал потрясением для " " дикаря " " . ",3
Новозеландский режиссёр Винсент Уорд у себя дома был известен странными фильмами - галлюцинациями и эта его манера создала удивительный мир его лучшей картины .,3
Фантастический мир короля Людвига По территории Баварских Альп проходит маршрут ещё одного путешествия не менее увлекательного и также насыщенного литературно - музыкальными ассоциациями .,3
" А когда наконец водворился " " худой мир " " FIVB резко подняла призовой фонд для мужчин . ",0
" Тем кто приехал на отдых с детьми советуем побывать в Сочинском аквапарке " " Водный мир " " . ",6
" IRC ? старый солидный чат взрослых интернетчиков с тысячей каналов по всему миру место без географических условностей мир близких " " сто лет " " знакомых людей знающих друг друга в лицо разве что по фотографиям ? за несколько минут наполнился междометиями и кусками скопированных из новостных лент цитат . ",3
Крик ? с кончиков пальцев на клавиатуру а оттуда в мир ? теряется в потоке e - english ? особого языка чатов .,5
Погружённый в этот потешный и грозный мир Холмогоров чувствовал себя временами призраком .,3
А там куда он удивлённо глядел из своей аквариумной толщи как в чужой неведомый мир разворачивались живые цепи ползли мокрицами многотонные бронетранспортёры : копошение воинственных человечков походило на муравейник роняя строй и смешно теряя сугубую серьёзность муштры что спадала с марширующих как штаны .,3
Стало не по себе тоскующим ненасытным облачком в офицерской палате стал блуждать сладковатый душок мясной солянки : Алёша мигом опомнился и оставил в покое умирающего ? того кто готовился как ему это почудилось принять смерть и поэтому был зол на весь мир .,5
А после как из матушкиной утробы в мир нам уготованный вышкуриваемся всё норовим обратно в норушку съюркнуть .,2
потревожив здешний блёклый мир пущенная охраной без мало - мальской проверки .,3
Удивительно что к юбилею Юрия Никулина худруку и директору не пришло в голову сделать программу о живом цирке о молодых и ярких артистах о старых клоунах ? таких как Векшин и Васильев которые чуть - чуть моложе Юрия Никулина и ещё выходят каждый вечер на манеж Санкт - Петербургского цирка со старыми как мир и такими смешными репризами .,5
Именно здесь следует воздать должное метафизике ? одному из немногих занятий толкающих человека к вечному ? и понять её главное преимущество по сравнению со всеми гуманитарными науками занимающимися бесконечным и бессмысленным накоплением и хранением фактов ? способность видеть сущности основания и смыслы благодаря чему мир полностью преображается и становится иным .,3
Философ так или иначе всегда конформист в самом истинном и глубоком значении этого слова подстраивающий не столько своё сознание под мир сколько мир под себя .,3
Философ так или иначе всегда конформист в самом истинном и глубоком значении этого слова подстраивающий не столько своё сознание под мир сколько мир под себя .,3
Самосознание способно не только преображать мир но и разрушать своего носителя .,3
Мы можем сделать мир безопаснее это открытый человек который любит свою семью свою родину » ? говорил Буш .,1
Так или иначе существует вероятность что человечество в обозримом будущем исправит одну из фатальных ошибок совершённых на заре времён когда увлёкшись игрой в слова ? неоднозначные и неточные обманчиво лёгкие в эксплуатации ? оно разучилось видеть мир таким каков он есть на самом деле и извините за выражение оглохло .,3
" Ведь кроме костылей ядов бомб лапши на уши у нас есть электрическая гитара и несколько милых вещиц ? заводные попугайчики игрушечный мир Warcraft где среди лесов и лугов эльфийские лучники отзываются нам ангельскими голосами " " yes my lord " " а паладины сторожат переправы и мочат наглых гоблинов - террористов . ",5
Подумайте подумайте что это значит : Бог так возлюбил мир что Он Своего Сына Единородного отдал на смерть для того чтобы мы поверили в Его любовь поверили в Его учение последовали за Ним и стали достойными себя самих и той любви которую Бог нам подарил .,5
И когда спускается из разрежённого горного воздуха в тяжёлую атмосферу асфальта то способы которые он применяет чтобы сохранить свой мир осуждать не нам .,5
О больших футболистах с фамилиями Липпи или Фергюсон мир ничего такого не знает .,5
Структура ОВОС учитывает все компоненты природной среды : воздух поверхностные и подземные воды почвы растительность и животный мир имеющуюся техногенную нагрузку на территорию видовой и родовой состав населения особо опасные объекты и др .,3
После страшных событий в США весь мир неизбежно изменится и вместе с ним ? Всемирная паутина .,4
Разглядывая окружающий мир через окно автобуса я удивлялся причудливому смешению вечнозелёной и тропической растительности которое существует здесь благодаря близости Гольфстрима .,3
Книжный мир »,6
" Так согласно А . Т . Ф . описанное Фукидидом затмение произошло не в 431 г . до н . э . а в 1039 г . нашей эры ( поскольку по астрономическим данным затмение 431 г . до н . э . в Афинах было не полным а частичным ) ; соответственно надо " " передвинуть " " весь древний мир на много веков ближе к нам . ",4
Корень SLM ' быть целым и невредимым ' ' быть в безопасности ' ? тот же что например в sal ? m ( un ) ' мир ' ' безопасность ' ' ' isl ? m ( un ) ' ислам ' ( буквально : ' покорность ' ) .,1
Фоменковский мир населён фальсификаторами как босховский мир чудовищами .,3
Фоменковский мир населён фальсификаторами как босховский мир чудовищами .,3
" Этот мир был залит солнцем и умиротворен вечерней зарёй наполнен лунным сиянием и блеском звёзд тёплой водой и горячим песком гулом пассажирских самолётов и низко летящими за озеро " " кукурузниками " " и вертолётами с красной звездой паровозом который они выбегали смотреть четыре раза в день дождями лужами радугой утренней росой и сырыми туманами . ",3
Он знал что умрёт не внезапно уже начал умирать и с каждым днём ему остаётся всё меньше жить и почувствовал что мир вокруг него начал неуловимо меняться .,3
И сразу исчезала усталость Колюня погружался в мир неровных улиц заборов дачных домов лавочек калиток высоких деревьев разросшихся кустов пахучих трав полевых и садовых цветов прислушиваясь к родному звуку паровоза на земле и гудению самолётов в вечернем небе окунаясь в безмятежность и покой .,2
" Мальчику нельзя было делать в школе ничего из того что разрешалось другим детям ? ни прогуливать уроки ни дерзить учителям ни отлынивать от общественной работы и сбора металлолома его беспощадно преследовали за тройки по английскому русскому и алгебре он должен был собирать деньги девочкам на подарки к Восьмому марта и ехать закупать в " " Детский мир " " дурацкие игрушки в виде дешёвых кукол или резиновых ёжиков ",6
Но к тому времени когда Колюня в готическом городке оказался и было ему немногим больше лет чем тогда дядюшке давно не осталось в близких и дальних окрестностях древнего селения ни чужеземных солдат ни офицеров ни даже пугавшей весь мир державы сохранилась только её урезанная на треть территория и мало что напоминало о том что когда - то здесь далеко за неприступными границами были размещены храбрые,4
Пока не выпьешь мир вокруг такой большой страшный … а душа маленькая испуганная .,3
А как выпьешь ? мир становится маленький а душа ? большая - большая !,0
Потому что если не изнасиловать меня пирожками и сосисками то я на весь мир ославлю за скаредность и бедность .,4
" Надпись на ленте должна была извещать мир о последнем подношении : " " Дорогому Павлу от родных и близких " " . ",0
Теперь она талдычила что мир полон хищных людей справедливости нет совести тоже нет нет и элементарной порядочности а также ещё каких - то важных моральных категорий ? я пропустил мимо ушей ? но деваться ей всё равно некуда и пусть уж последнюю свою кровь она выльет на алтарь любви к золотому мальчику Степаше …,1
Не могу сказать что мне нравилось быть у него на посылках но я исходил из того что худой мир лучше доброй ссоры и по возможности соблюдал нейтралитет .,5
" Мы наш мы новый мир построим " " … ? словом невесть что … ? она пожала плечами и вздохнула . ",0
Человек жил - жил беспокоился радовался ? а потом случайно выяснил что весь его мир ? на лабораторном столе и над ним ставят эксперименты …,3
Вещь известная старо как мир …,5
За ближними довольно заболоченными лесочками по излучинам Чуфырки вдруг открывался пашенный крестьянский считай что мир .,5
Да и сам мир представлялся мальчику грандиозным вечным двигателем работающим на собственном ресурсе заложенном в пульсирующем движении от живого к мёртвому от мёртвого ? к живому .,5
Широкая спина Павла Алексеевича в ладном хирургическом халате с тесёмками на мощной шее успела к этому времени совершенно заслонить собой весь мир и погибшего Антона с прохладными глазами жёстким ртом на худом лице совершенно лишённом мягкого славянского мяса .,4
Наука по его глубокому убеждению была призвана спасти мир .,5
Илья Иосифович укорял Павла Алексеевича в приспособленчестве тот пытался оправдываться : он спасал не мир а несколько десятков в лучшем случае сотен брюхатых баб и их приплод и по его мнению дело того стоило .,5
Достопримечательности и музеи в малолюдных кукольных городках отдых на море среди дюн и сосен азартные водные развлечения парусные регаты огромные крытые аквапарки где день пролетает словно миг удивительный мир сказок в детских парках отдых в лесной глуши ? на озере реке с сауной рыбалкой ухой .,3
в науке литературе и в борьбе за мир .,5
" Так взгляд на мир утверждающий принципиальную возможность " " прорицания " " пытался в своё время сформулировать К . Юнг введя для этого понятие " " синхронии " " . ",3
Весь мир казалось прислушивался и чего - то ждал .,5
Это ? мир в котором всё уже произошло .,5
Однако в то же время мир в котором возможны явления психокинеза то есть воздействия сознания на причинно - обновленный ход событий должен быть устроен совершенно иначе .,3
Весь мир изменился всё другое только этот дом всё тот же .,5
Он возможно смотрит на мир ещё доверчивыми добрыми глазами .,5
Но страшная потеря не заслонила от них весь мир .,4
Брюхо моё почечуй мой и весь мир противились не воспринимали такой диковинной настойки .,4
" Предыдущую тетрадь см . " " Новый мир " " 1999 № 8 . ",6
Ему удалось убедить мир в том что конфликт на Ближнем Востоке ? это не конфликт Израиля и всех арабов а конфликт Израиля и палестинцев .,5
Работа непыльная на свежем воздухе да и мир посмотрел .,5
В мир иной этот человек уйдёт многобожником ( мушриком ) явно заслуживающим вечного пребывания в Аду .,2
Мусульмане веруют во всех пророков Всевышнего начиная от Адама и завершая Моисеем Иисусом и Мухаммадом ( мир им ) в те Писания которые были ниспосланы Богом человечеству через пророков а также в существование ангелов .,1
Выполнение человеком своего религиозного долга в частности соблюдение поста помогает ему задуматься над смыслом его бытия воспринять окружающий мир как милость Всевышнего Творца .,3
" Мусульманин свято уверовавший в Единого Бога и живущий праведно и благочестиво это тот кто говоря словами из псалмов Давида ( мир ему ) " " ходит непорочно и делает правду и говорит истину в сердце своём ; кто не клевещет языком своим не делает искреннему своему зла и не принимает поношения на ближнего своего ; тот в глазах которого презрен отверженный но который боящихся Господа славит ; кто клянётся хотя ",1
" Эти коранические аяты подтверждают первую заповедь о Единобожии данную Богом Моисею ( мир ему ) : " " Я Господь Бог твой Который вывел тебя из земли Египетской из дома рабства . ",1
Не надеялся бы в своём возрасте ? при том что в цирке с детства ? ещё удивить мир представ перед всеми в новом качестве …,0
Михаил Николаевич был человеком погружённым в свой закрытый посторонним мир неохотно идущим на контакты трудно понимаемым партнёрами коллегами .,3
Зато вместе с Поповым они объездили весь мир .,4
Голубыми пронзительными глазами смотрели обновленцы на стены квартиры на бараки под окном на расстилавшуюся столицу на мир который будет покорён несмотря на допущенную ими преступную халатность .,5
Отдельное жильё отдельный мир галактика тебе принадлежащая .,5
Всё будет рассказано на суде вся страна весь мир будут оповещены о творимом злодействе !,4
Время от времени появлялись желавшие видеть его люди в белых халатах которые наконец признали что больной инженер ? выздоровел что его можно теперь выпускать в мир нормальных людей .,2
Андрей Николаевич избавился вдруг от ужаса смерти который разлит в самом воздухе кладбища и ясно представил себе что когда - нибудь ляжет рядом с Алею и не важно уже есть или нет мир иной лежать всё равно будут вместе .,5
Что получит Россия заключив мир на японских условиях ?,1
Что получит Россия заключив мир на японских условиях ?,1
Только любовь спасёт мир !,0
Ликуя кувыркаясь подныривая верхним под нижнее играл перед ним мир ликованием своим обжигал Алёшу ? и так хорошо было точно свечке под огнём истаивать под этим всеобъемлющим праздничным сиянием так хорошо было чувствовать свою неотрывность вместе с камнями и водой от всего от всего что окружало его и было звано на это великолепное зрелище !,3
" И хорошо было думать что чем бы ни стал он после жизни мирской во что бы ни превратился он не потеряет счастья в том же товариществе видеть всё это снова ; и хорошо было додумываться даже до такого внушения что потом - то он и станет значить в этом мире неизмеримо больше что если теперь самой крохотной песчинкой он входит в мир среди мириад подобных ",2
же песчинок то потом после этой жизни в жизни другой весь огромный мир легко сможет поместиться в нём одном ибо тогда - то он и станет миром больше видимого мира .,3
" И хорошо было думать что чем бы ни стал он после жизни мирской во что бы ни превратился он не потеряет счастья в том же товариществе видеть всё это снова ; и хорошо было додумываться даже до такого внушения что потом - то он и станет значить в этом мире неизмеримо больше что если теперь самой крохотной песчинкой он входит в мир среди мириад подобных ",2
же песчинок то потом после этой жизни в жизни другой весь огромный мир легко сможет поместиться в нём одном ибо тогда - то он и станет миром больше видимого мира .,3
Мужу изменяла и на весь мир бахвалилась .,4
А со времён Маркса мир ? плохо ли это хорошо ли ? изменился .,5
Ушёл в прошлое мир для которого марксизм был адекватен .,5
" Пумпянский даёт почти поэтическую характеристику присутствия пушкинской мысли в пушкинском языке ? " " языке как особом мире ( параллельном миру идей ) " " : " " Мы входим в мир чисто языковой и это есть главное дело Пушкина ",2
" Он не только сказал " " Смирись гордый человек … " " но и разделил мир Пушкина на положительных и отрицательных героев и прямо этими грубыми терминами назвал Татьяну и Онегина . ",3
Главное что отличает ? драматизация внутренних отношений творчества Пушкина мир которого предстаёт как поле борьбы активного творческого начала с активными также до агрессивности жизненными стихиями ( в гоголевской картине обе стороны взаимодействия покойно - пассивны ) .,3
" Но имя Орфея перерастает и эти пределы : " " Орфей ? движущее мир творческое Слово ; и Бога - Слово знаменует он в христианской символике первых веков " " 67 . ",0
" Или их оценить как " " лишь необходимое сырьё для творчества " " 70 ? тогда собственно нет той борьбы какую описывал Аполлон Григорьев а на месте её что - то вроде духовного производства перерабатывающего мир как сырьё . ",1
Может сплетёт какие - нибудь особые лапти может сочинит разноцветные портянки может повесит кольцо в нос и ? пожалуйста : русская мода вновь покорит мир .,5
Очевидно американцы уверены что у агентов ? исключительно прямой и ясный взгляд на мир .,5
И Родина ? огромная : весь мир где понимают по - русски …,4
Сразу рушатся все вычитанные теории о происхождении жизни на планете : не бог не эволюция образовали реки и холмы леса и зверей в них не они создали растительный и животный мир а космос ради каких - то целей прильнул к планете плодокормящей грудью вселенской богини .,3
Дверь впустила хозяина квартиры в обихоженный им мир в уют сотворённый стараниями матери и прилежанием самого Гастева .,3
" препирательствам молодоженов Ворониных а Марк читал за чаем " " Войну и мир " " ; он читал читал а затем : ",6
Богат и разнообразен этот подводный мир .,5
Мы как учили предки всунули в мир традиционную отмычку ? це два аш пять о аш .,0
Мы как учили предки всунули в мир традиционную отмычку ? це два аш пять о аш .,0
И мир послушно открылся .,5
Растительный мир района Сочи разнообразен и необычайно богат ? здесь в естественных условиях произрастают около трех тысяч видов разновидностей и форм сосудистых растений : хвощи папоротники голосемянные и покрытосемянные растения .,3
" Ишваракришна Гаудапада Вачасгштимишра " " перевод с санскрита и введение В . К . Шохина ( Серия EX ORIENTE LUX . Москва : Научно - издат . центр " " Ладомир " " 1995 ) и содержащей переводы с санскрита монографии Н . В . Исаевой " " Слово творящее мир . ",1
" Слово творящее мир " " ? вторая монография на русском языке Н . В . Исаевой специалистки по Шанкаре и адвайта - веданте ( " " недвойственности " " " " монизма " " " " абсолютизма " " ) ",2
" Именно этот " " динамизм " " или активная деятельная природа высшей реальности отличает по её мнению учения Гаудапады и Бхартрихари от абсолютного монизма Шанкары и сближает их кашмирский шиваизм с его " " концепцией динамичного активного и всемогущего Бога ? Бога создающего этот мир в свободном творческом порыве через спонтанный выброс энергии через собственное творческое и поэтическое усилие " " ( там же с . 11 ) . ",3
" Слово творящее мир ; грамматическая онтология Бхартрихари / / Эстетика бытия и эстетика текста в культурах средневекового Востока . ",0
Влюблённым весь мир кажется прекрасным …,0
В этих поездках для нас была и романтика путешествий и возможность увидеть большой мир .,3
Я воображала себе как там глубоко под землёй они уходят куда - то далеко - далеко в какой - то таинственный подземный мир .,3
Теперь по прошествии многих лет я понимаю что это было счастье ? тот мир нормального детства который нам дарили родители .,3
Это был мир добрых крестьянских семей трудолюбивых честных людей .,0
" От него уходили в мир добрые плюшевые медведи ? подушечные утешители навевающие сон ; заводные танки ? защитники котят ; телефоны мгновенно соединяющие с кем захочется если ты сидишь один и все ушли ; скакалки с которыми бедные неходячие дети когда - нибудь научатся прыгать ; вертолёты и парашюты на которых можно спастись от пожара вылетев из окна ? и так далее . ",2
Священное Писание нам говорит что так возлюбил Бог мир что Своего Единородного Сына отдал для того чтобы мир был спасён .,1
Священное Писание нам говорит что так возлюбил Бог мир что Своего Единородного Сына отдал для того чтобы мир был спасён .,1
Тихим сном и белым снегом бредил Божий мир .,3
Солдаты скорее всего не знали про то что красота спасёт мир но что такое красота оба они в общем знали .,5
Возможно в этом смысле красота и спасает мир .,5
Старики говорят что сразу у нас мир станет .,5
У него были галлюцинации его внутренний мир лишился чувства реальности .,3
" Один из отцов Церкви уже в древности сказал что мир не мог бы стоять без таинств то есть без непосредственного воздействия Божия и без преображения которое это воздействие совершает над людьми ; и что единственное таинство которое сохранилось после отпадения человека от Бога и потери рая это таинство брака . ",1
" Когда мы самым зачаточным образом видим в себе что - либо недостойное ни нас самих ни той любви и уважения которыми мы окружены ни той любви которую Бог нам проявляет это уже начало нашего прозрения и мы можем пойти на исповедь и сказать : " " Я знаю теперь что под почвой может быть очень глубоко лежит мир греха но кое - что я о нём узнал уже на поверхности ",2
Грех появился в момент когда человек отвернулся от Бога ради того чтобы познать себя и мир собственными тварными силами .,3
Раньше Дима смотрел бы на этого человека остро и осмысленно : идёт один из нас но особенный несёт свой мир в себе идёт переставляя Божий дар ? ноги не чувствуя бедный радости от одного хотя бы этого идёт по делам которые ему кажутся обыденными и мелкими для Димы же они значительны и таинственны уже в силу того что он ничего о них не знает и,3
" И вот этому ребёнку исполнилось семь лет мать и отец повели его в магазин " " Детский мир " " чтобы он выбрал себе подарок . ",6
Рухнул мир Клекотова ? и никак он его не соберёт .,5
Представив всё это может быть вам и удастся понять почему под полуторакилометровой толщей земли уже после недели пребывания здесь мир наверху кажется чем - то очень далёким почти нереальным дающим о себе знать лишь воспоминаниями да редкими едва слышными телефонными переговорами .,5
Медленно то цепляясь то отталкиваясь от торчащих коричневых перьев слоистой породы с удивлением вглядываемся в необычный безмолвный мир .,3
Быть может с такой же смесью удивления восторга и страха космонавты или глубоководные исследователи смотрят сквозь толстые стёкла своих иллюминаторов на изучаемый ими чужой мир .,3
И вы буквально пьёте этот мир и наслаждение ваше не знает меры а восторг ? предела !,0
Иерархия демиургов несовершенный уродливый мир и так далее если вас интересует историческая параллель .,3
То в чём гниют кости и мир в котором мы так сказать живём называются одним и тем же словом .,3
Не замечали ли вы дорогой читатель что когда долго глядишь на мир и забываешь о себе остаётся только то что видишь : невысокий склон в густых зарослях конопли ( которую стоит поезду замедлить ход рвут специальными палками из соседних окон ) оплетённая лианами цепь пальм отделяющая железную дорогу от остального мира изредка река или мост в колониальном стиле или защищённая стальной рукой шлагбаума пустая дорога .,5
Выкинуть какие - нибудь треснувшие очки означает признать что целый мир увиденный сквозь них навсегда остался за спиной или наоборот и то же самое оказался впереди в царстве надвигающегося небытия …,3
И вдруг я заметил что меня по - настоящему интересует её мир .,5
Я постоянно принимаю самого себя за себя самого думая что имею дело с чем - то внешним а мир вокруг ? всего лишь система зеркал разной кривизны .,3
" И для меня весь " " русский мир " " в целом представлялся лишь чем - то несбыточным относящимся только к прошлому и какому - то эсхатологическому будущему . ",3
После этого был водворён мир между Москвой и Литвой .,1
И был этот громадный эллинистический мир где доминировала философия платонизма .,3
Обе эти тенденции друг другу могут вполне не противоречить : можно думать и о спасении России и о помощи Русской Православной Церкви но при этом помнить что Православное христианство по существу есть вера спасающая весь мир а не только один какой - нибудь народ или одну какую - нибудь категорию людей .,4
Главный вопрос ? в самой истине и этим вопросом болеем не только мы но и весь мир включая секулярное общество формально не имеющее отношения к Церкви : заключает ли в себе христианство Новый Завет учение о том что есть такой один человек в котором сосредотачивается весь церковный авторитет и от которого зависит истина и её исповедание ?,4
Но весь католический мир в такой степени определялся папской доктриной что когда авторитет папства начали понемногу снижать и стали говорить о том что в Церкви некоторые вещи меняются и то что было некогда так может стать иначе то в Католичестве начался большой кризис .,5
Вопрос который сейчас волнует и разделяет католический мир является вопросом экклезиологии и учения о Церкви .,4
Конечно надо иметь в виду что сегодня Западный мир есть мир секулярный .,3
Конечно надо иметь в виду что сегодня Западный мир есть мир секулярный .,3
Во втором ? содержание иррационально мерцает сквозь выражение и играет роль как бы моста из рационального мира в мир мистический .,2
" В планах " " поэмы " " Достоевского " " Император " " ( замысле романа об Иоанне Антоновиче ) есть записи о том как Мирович уговаривает выросшего в полной изоляции и не знающего никаких соблазнов жизни Ивана Антоновича согласиться на заговор : " " Показывает ему мир с чердака ( Нева и проч . ) . ",1
" В планах " " поэмы " " Достоевского " " Император " " ( замысле романа об Иоанне Антоновиче ) есть записи о том как Мирович уговаривает выросшего в полной изоляции и не знающего никаких соблазнов жизни Ивана Антоновича согласиться на заговор : " " Показывает ему мир с чердака ( Нева и проч . ) . ",1
Показывает божий мир .,5
Вопрос не в том чтобы научиться выживать а в том чтобы научиться строить новый мир а этот новый мир с точки зрения христианина ( и даже не христианина а просто человека верующего в жизнь ) должен быть больше чем материальный мир .,3
Вопрос не в том чтобы научиться выживать а в том чтобы научиться строить новый мир а этот новый мир с точки зрения христианина ( и даже не христианина а просто человека верующего в жизнь ) должен быть больше чем материальный мир .,3
Вопрос не в том чтобы научиться выживать а в том чтобы научиться строить новый мир а этот новый мир с точки зрения христианина ( и даже не христианина а просто человека верующего в жизнь ) должен быть больше чем материальный мир .,3
Потому что легко тосковать о правде легко голодать ? но надо научиться голод этот удовлетворять тем чем он может быть удовлетворён то есть любовью отдачей себя для других самозабвением потому что только когда мы можем о себе забыть мы можем вдруг увидеть как мир глубок как мир осмыслен .,1
Потому что легко тосковать о правде легко голодать ? но надо научиться голод этот удовлетворять тем чем он может быть удовлетворён то есть любовью отдачей себя для других самозабвением потому что только когда мы можем о себе забыть мы можем вдруг увидеть как мир глубок как мир осмыслен .,1
" Книг у прабабушки было много : старинные церковные с металлическими застёжками в переплётах из тиснёной свиной кожи подшивка журнала " " Крокодил " " за 1938 год " " Не мир но меч " " писателя Мережковского и целая вязанка русских классиков . ",5
Советская переводческая школа гремит на весь мир .,4
Или всё - таки существуют абсолютно неделимые частицы ( хотя бы те же кварки ! ) из которых как дом из кирпичиков построен весь многообразный мир .,3
А вообще мир просто кишит тайнами .,5
Но главное ? практичный Эдисон стал выпускать свои лампочки на заводе то есть открыл им дорогу в мир .,5
" В 1876 году " " свеча Яблочкова " " покоряет весь мир ? от Америки до Камбоджи . ",4
Световоды были известны ещё век назад но только сейчас начали завоёвывать мир .,5
Это была стройная очаровательная девушка и весь радостный облик её струил ласку на окружающий мир .,3
Кто знал его здесь в мирное время в дни переворота в недели потрясшие мир ?,0
По мнению Милия Алексеевича это было справедливо как и латинское : да свершится правосудие хотя бы погиб мир .,1
Конечно Бенкендорф мог бы отметить что денежки честные не от феклисовых пришлось залезть в долги но уже на следующий год честно расплатился ? вдовствующая императрица отходя в мир иной оставила сыну подруги своей юности семьдесят пять тысяч рублей .,2
А если смотреть на то на что был похож мир в течение последнего года или прошедших двух тысячелетий то как больно делается !,0
Для того ли нас посылал Господь в мир ?,5
Миновали эпохи весь мир изменился а Зубр оставался для неё прежним всё таким же старшим хотя они были одногодки .,4
Что это за мир где прыгунов и генералов знают лучше чем гениев разгадывающих шифры Природы !,0
Все они воспринимали мир чуть сдвинуто иначе чем обычные люди .,5
Они должны были изменить мир к лучшему …,0
Нападение Гитлера на Россию взорвало мир Зубра заставило его подняться на поверхность .,5
За Максимову за весь мир за себя .,5
Любила весь мир и себя тоже ( себя - то за что обижать ? ),0
Но как назвать то состояние когда человек счастлив любит весь мир других людей ? и себя в том числе ?,0
Готовили к переходу в иной мир .,5
Чуть припогасло сияние трав цветов бабочек мир замкнулся но всё ещё светится .,3
Накануне поступления в школу родители перевезли меня в город где тёмная ленинградская коммуналка поначалу развернулась как огромный разные разности и радости сулящий мир ? по сравнению с застойным и угрюмым мирком Дома .,3
" При этом я каждый раз искренне верила что известия ? " " последние " " в самом отрадном для меня смысле то есть более не будут передаваться вообще никогда и мне не придётся слушать одни и те же фамилии да скучные цифры а сразу возникнет волшебный голос Литвинова либо мелодичные переливы " " Музыкальной шкатулки " " но лучше всего такая сказка когда в ящик помещается другой маленький настоящий мир ? инсценировка . ",3
Было очевидно что мать зашла в этот мир ? так на минутку и стоит ли располагаться поудобней .,3
" Уходящий в иной мир со словами что он прожил " " не свою жизнь " " преподаёт нам жесточайший урок и мы яростно начинаем поиски самоосуществления . ",3
Без разговоров ? сказал он ? ком цу мир …,0
Весь мир уже был а его ещё не было .,5
Желал выйти в негостеприимный мир .,5
Если бы мужчины его народа не собрали всё имеющееся у них мужество вышел бы он в мир рабства .,2
Если бы мужчины его народа не собрали всё имеющееся у них мужество вышел бы он в мир рабства .,2
" Гордая собой европейская " " христианская " " цивилизация дымила в мир развалинами . ",0
Весь этот мир куда - то пропал .,5
Черкасова знала вся страна как артиста депутата и борца за мир .,5
И в это мгновение поскольку вера одного человека распахнула дверь и для всякого кто выполнит что ему сказано Царство Божие водворяется в мир вступает новое измерение вечности и бездонной глубины и то что было иначе невозможно становится реальностью .,3
Теперь когда весь мир ограничился для него тахтой ночным столиком лампой .,5
Весь мир полнился звоном как натянутая струна .,4
Несколько сияющих истин должны были изменить мир к лучшему а что произошло в действительности ? . .,5
Портвейн распространялся доброй вестью окрашивая мир тонами нежности и снисхождения .,5
Я шёл и думал ? мир охвачен безумием .,5
Вдруг я увидел мир как единое целое .,5
Я не буду менять линолеум ? сказал он . ? Я передумал ибо мир обречен .,1
Это не означает что здесь царили вечный мир и благоденствие .,1
Это был мир уязвлённых самолюбий растоптанных амбиций бесконечных поношений чужой игры .,3
Наш мир абсурден ? говорю я своей жене ? и враги человека ? домашние его !,0
У Алексея Петровича свой мир ? в голове настоящий .,5
Маленький маленький одинокий заблудился на улице по ошибке пришёл ты в этот мир !,0
Он всё знает он понял мир понял Правила постиг тайную связь событий постиг законы сцепления миллионов обрывков разрозненных вещей !,3
" замедленный как во сне мир ; а ведь на самом деле там наверняка же склады заборы какая - нибудь гадкая фабричонка выплевывает перламутрово - ядовитые отходы свалка дымится вонючим тлеющим дымом или что - нибудь ещё безнадёжное окраинное пошлое . ",0
заламывала руки и склоняла маленькую гладко причёсанную головку к покатому плечику ? тихо так тихо светит луна а дума тобой роковая полна ? луна не поддавалась мылом выскальзывала из рук неслась сквозь рваные оккервильские тучи ? на этом Оккервиле всегда что - то тревожное с небом ? как беспокойно мечутся прозрачные приручённые тени нашего воображения когда сопение и запахи живой жизни проникают в их прохладный туманный мир !,3
Вместо простого естественного мира где все знакомы её окружает искусственный мир церемоний …,0
Удивительно пугающе рано переселяются наши дети из мира где все со всеми знакомы в мир разделительных условностей .,2
Но водитель лишь с шумом запер перед самым носом классового врага двери в светлый мир автобуса оставив Аркадия Лукьяновича тонуть в окне тьмы .,3
Прежде святые или просто безобидные слова такие как любовь свобода братство демократия либерализм мир и т . д . они травили умы выедали сердца и души размножались делением во всё новые по внешнему виду здоровые и нужные но больные изнутри слова .,1
Перегорев в глубинах вулканической кучи оно извергалось и затопляло мир .,5
Впрочем до третьего они ещё поговорили в своё удовольствие и больная левая нога как бы заключив с бывшим своим хозяином мир дипломатично их разговору не препятствовала .,1
" Но вместо этого они удовлетворяли лишь мелкие нужды государства по отысканию игольного ушка в космосе чтоб протащить через него ядерного " " верблюда " " напугав тем самым и себя и весь мир . ",4
" Перед вступающим в жизнь индивидом не " " ничто " " Хейдеггера но объективный мир преобразованный деятельностью поколений . ",3
Однако этот мир предметов воплощающих человеческие способности сложившиеся в процессе развития общественно - исторической практики в этом своём качестве не дан индивиду изначально .,3
Индивид ребёнок не просто брошен в человеческий мир а вводится в этот мир окружающими людьми и они руководят им в этом мире .,3
Индивид ребёнок не просто брошен в человеческий мир а вводится в этот мир окружающими людьми и они руководят им в этом мире .,3
Мир звуков речи как и мир музыки это творение человечества .,3
Другое условие ? это окружающий человека мир предметов и явлений созданный бесчисленными поколениями людей в их труде и борьбе .,3
Не его собственное существование а весь мир представавший перед ним рухнул в эту пропасть .,3
Вот особое качество времени и темноты которое не могу осмыслить : мир разрубленный как яблоко .,3
Как изменится мир оттого что в нём меня ещё не было ?,5
" Для меня весь мир театр " " " " . ",0
Нет даже не мир а целая галактика .,5
Нет даже не мир а целая галактика .,5
Но в тот мир где играли лунные джазы парили крылатые красавицы и расхаживали бравые кавалеры Мот он не допускал никого !,3
Всё это разнородное разномастное ? небесное и земное тот мир и этот ? было сведено в простую и ясную композицию .,3
Быть может на ней горел отражённый свет Лины может весь мир сделался для него в эти минуты прекрасным но Клара сейчас показалась ему очень красивой .,3
Они шли с Буддо по взморью весёлые беззаботные готовые обнять весь мир смеялись и болтали .,4
Весь мир теперь смотрит на наш Колонный зал ? поэтому и факты должны быть убедительные яркие простые .,4
Зато яснее чем все эти поэты философы ораторы и государственные умы он понимал одно ? мир смертельно устал и изверился .,0
" А ну - ка ну - ка ! ? Суровцев взял рукопись и стал читать . ? Как сказано ! ? воскликнул он вдруг . ? " " Когда судья выносит несправедливый приговор Бог отворачивает от него своё лицо но если он справедлив хотя на час то и весь мир становится от этого крепче " " . ",4
Что они принесли в мир зло или добро ?,5
Не пытают ли они мир добром и жалостью ?,0
Вот это приобщение эту вхожесть в высший мир зам . нач . по оперчасти ценил больше всего .,3
" Вот посажен начальник тюрьмы на столе у Вождя лежит проект нового Уголовного кодекса ? расстрела нет самый большой срок пять лет ; на приёме какой - то делегации иностранных рабочих Вождь сказал : « Мы можем дать такую амнистию которую ещё мир не видал » ; на Колыме второй уж месяц работает правительственная комиссия по пересмотру . ",1
У его предшественника в спальне над кроватью висел даже ящик с африканскими бабочками а в столовой на особом столике блистала в переливалась голубым и розовым перламутром горка колибри ( мир праху вашего хозяина птички ! ) .,0
А вот встретился с ней и всё прояснилось : и мир стал хорош и люди хороши да и сам я ничего .,1
Я ему и говорю под конец : беда в том дорогой имярек что наш спор нескончаем это старый как мир вопрос ? что есть истина ?,5
В семинарии он так сжился с ней так сумел её приручить что вскоре создал свой особый принадлежащий только ему мир .,3
А он ответит мне : « Ты читал мой труд « Майн кампф » ? Это же я обещал народу когда ещё не фюрером был а узником и с этим я и пришёл в мир » .,5
Только одно : « До чего же ты фюрер последователен ! » « Да ? скажет он ? и потому я фюрер а ты шайзе говнюк и иди от меня говнюк вон не мешай мне переделывать мир по - моему » .,5
До чего же тих и спокоен мир !,0
Отец завершил среднее образование и решили видимо что неплохо ему перед университетом посмотреть на мир .,5
Я вам отвечу : Рахиль и Якоб любили друг друга а любовь покоряет мир .,1
И все люди с характерами часто неотёсанными это знаете ли не благопристойный немецкий докторский дом это дом сапожника в маленьком городке на Украине и этот дом был целый мир и приспособиться к этому миру отцу было нелегко .,3
Он был человек труда и трудового долга а на таких людях держится мир .,1
Сын сапожника Рахленко из маленького города на Черниговщине ? и вот пожалуйста такой герой не какой - нибудь унтер - офицер вроде Хаима Ягудина а можно сказать красный генерал в доме полно оружия в конюшне стоят кони каких не видел мир и наш сосед шорник Сташенок готовит для них особенную сбрую .,1
Мы ходили в стаде туристов по ярусам знаменитого на весь мир древнегреческого театра удивляясь как хорошо сохранился его полуциркульный амфитеатр вырубленный из одного гигантского каменного монолита .,4
Мы все были некогда пешеходами и основательно по слишком торопясь вглядывались в окружающий нас мир Города во всех его подробностях .,3
Выпала добрая половина перекрёстка к которому издавна тяготел тот особый старомосковский мир поэтов и художников куда меня случайно занесло в первый же день пребывания в Москве и долго потом держало в плену .,3
" Он был в своей легендарной заграничной поездке вместе с прославленной на весь мир американской балериной - босоножкой которая была в восхищении от русской революции и выбегала на сцену московского Большого театра в красной тунике с развёрнутым красным знаменем исполняя под звуки оркестра свой знаменитый танец " " Интернационал " " . ",4
Верхний ад это земной мир полный мучений волнений холода голода жажды разнообразнейших телесных и душевных страданий .,3
" Нас больше занимает идейная общность " " Элуцидария " " и произведений мастеров XII ? XIII столетий обусловленная как можно предполагать прежде всего тем что и " " Библия в камне " " и катехизис и описания странствий в загробный мир были адресованы одной и той же массовой аудитории которая именно при их посредстве усваивала истины христианства . ",3
Христос пришёл в мир не для того чтобы спасти всех .,5
" Вместе с крошкой на Уилшире Мы увидели мир шире В замечательной квартире . ",0
Что стоит наше воображение без существ и предметов населяющих мир реальности ?,0
Жест за жестом : удар копьём пуск стрелы ? всё является в мир .,5
Катаев прав ? ведь пустоты не существует ведь мир же материален .,5
" Вы помните он приводит надпись на памятнике Канту появившуюся сразу после взятия Кенигсберга : " " Теперь ты видишь Кант что мир материален " " . ",1
Вот как тесен мир !,5
Какой нелепый неосмысленный мир !,0
Кто объяснит ? ? Он стискивал мою руку цепкой клешнёй . ? И как не хочется этот мир покидать …,0
" В Антарктиде всего в 400 километрах от Южного полюса обнаружили своеобразного ледового паучка - вегетарианца а советская экспедиция " " Северный полюс - 22 " " встретила в ледовых разводьях на 84 - й северной параллели нерп полярную треску - сайку и богатый мир морских ракообразных . ",3
Заканчивалось превращение окружающего в мир без улыбок .,5
Девяносто девять овец он не забывает но он знает что они уже в верном месте а ту овцу которая отбилась ? надо найти надо найти спешно надо её и утешить что она не потерялась надо согреть её потому что мир вокруг неё был холоден и жесток надо привести её в то место где и она найдёт радость любовь ласку .,3
" Он пришёл может быть первый раз в жизни в поисках Бога а вместо Бога он находит фарисейское общество людей которые " " знают " " всё обо всем только одного не знают ? любви только одно забыли ? сострадание одного только не помнят : что Христос пришёл в мир грешных спасти а не праведных что Он пришёл и Его ещё при жизни упрекали в том что Он ест с мытарями ",2
Научный мир привык к Железке привык прислушиваться к её львиному рыку принюхиваться к её флюидам вчитываться в её труды и вместе с ней играть в тяжёлую игру доступную лишь титанам передвигавшим горы в пустыне в давние земные времена .,5
И такой это был чистый белый мир на чёрной ещё земле такое свечение ! . .,3
Подводный мир заворожил клеста .,5