На данном временном интервале наши пристрастия — горные, двухподвесочные, чтобы и по лестницам супермаркета можно было спуститься, и сквозь лес пробиться, и на трассе двадцать километров одолеть без усталости.
Тёмный лес шумел кругом. 
Лес был тих и печален.
И сразу увидел белые дикие горы и высокий колючий лес,из которого вылез огромный рыжий и лохматый дядька с кривыми бивнями. 
С острым, точно лезвие, до дрожи сердечным чувством ― поля, простор и русский лес,и родные дали с затерянными в них редкими огоньками. 
Эта снежная девочка летом идёт с подружками в лес по ягоды и либо теряется в лесу ( и в этом случае её спасают звери, привезя её на себе домой), либо тает, прыгая через костёр ( по всей видимости, купальский). 
Гаишники стреляли по убегавшим в лес Немову и Михайлову. 
Воспользовавшись этим, Дубов рванул в лес. 
Будь моя воля, я организаторов сходок надолго отправил бы валить лес. 
А утром они увидели такую нарядную ёлку и столько подарков под ней - что их хватило бы на весь лес.    
Фото Дмитрия Патрикеева Лес в горшочке    
Но не стоит отчаиваться, оказывается, в контейнере можно создать самый настоящий лес из деревьев и кустарников, который декоративен круглый год. 
Сегодня он стоит у входа в дом, завтра вы ждёте гостей и пристроили его у беседки или площадки для отдыха или, составив несколько контейнеров вместе, создали сказочный лес для маленького сынишки. 
Соловей птичка- невеличка, а заголосит, так лес дрожит.  
Дальше в лес -больше дров.   
"Двое оставшихся у переезда бандитов посадили секьюрити и шофёра на заднее сиденье "" Мерседеса"" и вывезли в лес у деревни Зайцево Одинцовского района ― там преступники вкололи пленникам сильные дозы снотворного и скрылись. "
Ирина вышла из дома и пошла в лес. 
Анна побрела в лес. 
Свернула в лес к знакомому муравейнику. 
И, конечно, прогулки в лес,и игры в гольф, и созерцание гор…   
"В рассказе "" На ялике"", в первом варианте, была фраза, ― я уж её не помню, ― где говорилось о том, как ялик шёл через Неву, падали осколки, поднимая фонтаны воды, и было похоже, что мы плывём сквозь лес,где деревья из воды. "
Метафора очень удачная, но не кажется ли вам, А<лексей> И<ванович>, что лес―слишком гиперболично. 
Выбравшись из мрачных, сырых поутру лесных дебрей, где они проблуждали половину ночи, Гусаков облегчённо вздохнул: лес кончился, перед ним раскинулось поле. 
Потом вышли на полевую дорожку, привёдшую их в большой смешанный лес,из которого на рассвете выбрались на это холмистое поле.   
Да вон, через лес.   
Вскоре они вошли в лес,и Костя свернул с дороги на едва заметную в зарослях стёжку ― повёл напрямик. 
Заимев землю, вряд ли они пойдут в лес помогать партизанам ― будут ковыряться в поле. 
Зимний лес сверкает морозными узорами. 
А вот пейзажей особых с подъёма не открывается ― всё загораживает лес. 
На одном был изображён зимний лес и упряжка лошадей, за которой гнались волки. 
вишни, падающими яблоками, огурцами, патиссонами, кабачками, первыми клубнями молодой картошки, заготовкой варений, походами в лес за грибами и купанием.   
Потом Колюня вспоминал дорогу, жаркую, пыльную, они идут по ней с мамой, над дорогой плавится, течёт воздух, и в его дымке дрожит далеко за кромкой поля лес. 
А когда выполнял свою работу, его отпускали гулять, шли с ним на озеро или в лес. 
"Беляево"" было конечной станцией метро, а за девятиэтажным блочным зданием, хуже которого были в Москве лишь пятиэтажные хрущобы, начинался и тянулся за окружную дорогу, до самой Оки и дальше до Дикого Поля и скифских степей, курганов и каменных баб непроходимый лес,в нём катался новосёл на лыжах, и по вечерам ему мерещились волчьи глаза и глухой вой. "
"Все они были похожи, как близнецы: та же дорога, тот же асфальт, обочины, лес,косогоры, Ока, заправки, чашка чаю в придорожной "" заезжаловке"", а потом жёлтое худое лицо Павла на серой подушке, погасшие глаза, в которых не было ничего, что могло бы назваться жизнью, и голос, который нужно было бы называть шелестом: "" Ладно, ладно… всё нормально, чего там… "
Я гнал Асечку дальше и дальше по дороге, которая то кривилась и тогда становилась видна только на несколько сот метров вперёд, то совершенно выправлялась и в этом случае простригала лес на вершинах покатых седых холмов, горбящихся до горизонта.   
Окно смотрело всё на то же шоссе, и поле, и чёрный лес за полем, ― всё одинаково заштрихованное белыми карандашами снега. 
Шли в лес как можно дальше, ставили палатки, разводили костры и пели под гитару. 
"Советская власть не даёт нам делать то, что мы хотим, ― но делать то, чего она от нас хочет, мы тоже не станем: хрена с маслом; мы на всё положим с прикладом, пойдём в лес и будем орать песни под ёлкой!  "
Мы ночью в лес ходили…   
Лес,поле, пруд соединялись в её опыте с тяжёлой работой: в лес посылали собирать ягоду для продажи, в поле ― помогать на уборке, на пруд ― полоскать бельё. 
Как-то мы с отцом приехали к нему на дачу и отправились вместе с ним на прогулку в лес. 
Заядлый курильщик Георгий Семёнович держал в левой руке пепельницу и стряхивал в неё пепел, не считая возможным засорять даже таким образом лес…   
"Очевидно, это различение изучения и понимания Пушкина "" эрудиции"" и "" критики"" как принципов и задач не вполне "" совпадающих"" было введено Пумпянским недаром, если наше знание о Пушкине не может его преодолеть до сих пор; очевидно, здесь имеет место процесс, подобный тому, что называется герменевтическим кругом ( это понятие уже было названо), когда целое собирается из частей, но к этим последним ведёт интуиция целого ("" лес""и "
Я вспомнил лес,уходящую влево лыжню и осмысленные глаза своих соотечественников, укрывшихся в чаще от дьявольской несвободы мира. 
Гарри утомил семейство Хэндерсонов настолько, что Джордж и Нэнси выгнали его в лес. 
Но оказалось, что тот лес,куда вывезли Гарри, подлежит вырубке, и Хэндерсоны снова взяли снежного человека домой. 
Дорога была не раз хоженная и езженная: займищный лес,который то подходил к обочинам, и тогда остро пахло горькой корой и листвой, то отступал, пропадая в серой невиди. 
Нас везли куда-то на телеге, а вокруг дороги стоял густой лес,который казался нам загадочным. 
В колхозе нам выдали кое-какие продукты, кроме того, мы ходили в лес за грибами, поэтому у нас всё получалось очень вкусно. 
Тёмный лес   
"И вот теперь он решился и на целый день поехал на автобусе в ближайший лес за посёлком Восточный; дед решил поискать берёзовые наплывы на старых пнях ― небывалое по красоте дерево для шкатулок.   "
Правда, тот лес,в который навострился ездить дед, был объявлен заповедником, но это никому не мешало там гулять, дрессировать собак, бросать пустые бутылки и консервные банки, а также стрелять из рогаток по воронам, так что это был совершенно пустяковый лесок.   
И Барби на своей маленькой машине пустилась в далёкий путь в посёлок Восточный, в заповедный лес.   
Лес рук с куклами стройно поднялся к потолку, публика закричала, засвистела, все держали даже по две руки ― кроме семьи, сидящей неподвижно около Шуры и Чумы-Игорька.   
Сделалось тихо, и от звёзд иль от краюшечки луны посветлело, жёлтые поля на холмах за Ольвией тоже посветлели и как бы придвинулись к домам, уже погасившим лампы, дальний лес,обозначившийся по-за полями, похож был на тёмную тучу.   
Зловещим светом налитой, бритвенно острой полоской подрезало холмы, подровняло лес на горизонте. 
Главное было ― поскорее миновать хутора и лес на истоке речки. 
Но, попавши в лес,лошади встали, начали кормиться травой, падалицами диких груш, яблок, даже желудями, будто уж и не кони они, а поросята или козлы. 
Вечер настанет, запоют в красном уголке, за стенкой, ― хоть в лес убегай…   
Дело верное: старлей Савкин пойдёт сейчас в лес на разоружение.   
Ни даже метнуться из-под скалы назад в лес через открытое место. 
Они понесли его в редкий лес,недалеко и тропой налево, где, как помнил Рубахин, открывалась площадка― сухая плешина с песчаной, мягкой землёй. 
Он страстно любит природу, городские деревья и кусты многое говорят его душе своими пыльными листьями, однако природы во всём её загородном великолепии: лес,поле, овраги ― он, конечно, не вынесет, он сейчас же сойдёт с ума.   
Лес был не очень большой и не слишком дремучий, но места в нём всем хватало. 
Но вот в лес был назначен его новый директор ― Козёл. 
И в лес его назначили местечковцы ― конечно же, из своих местечковых интересов, главным из которых была охота.   
Лес долго полнился криком, стоном и визгом. 
Поговорили о женщинах, помечтали немного о том, как, поднявшись наверх, помоемся в бане, какие деликатесы приготовят нам там, и вообще, о том, как всё-таки хорошо наверху, где солнце, лес,пеньё птиц и кристально чистый горный воздух!  
По правую сторону вырос густой, весь белый, неподвижный лес. 
И громко, на весь лес,произносил, словно теша самого себя: ― КГБ!  
Андрей поглядел туда и увидел лес,далеко за которым, у самого горизонта, поднимались в небо три огромных, коричневых от ржавчины трубы какой-то электростанции или завода ― они были такими широкими, что больше походили на гигантские стаканы. 
Вдали медленно проплыла удивительно красивая, похожая на поднятую к небу руку, белая церковь с косым крестом ― был виден только её верх, а нижнюю часть закрывал лес.   
Чужим и равнодушным стал окружающий лес. 
Мертво стоял лес вокруг меня.   
Не я управляю светом небесным, не я гоню в лес ночь и мокрый снег.   
Сверху, из дальних мест, еловых боров, сплавляют по ней строевой лес.   
Тогда он затеял ходить в лес,искать Сухолапого. 
"Её простые маршруты шли по иссечённой дорожками аллее, мимо скамеек, ларька с напитками и спирального подъёма в стол заказов; потом она поворачивала за угол высокой зелёной шестнадцатиэтажки ― туда, где за долгим пыльным пустырём начинался лес. "
После обеда, часа в два, по еле намеченной тропке мы углубились в заключённый пихтовый лес. 
Он сошёл с тропы и углубился в лес.   
"Это вот "" нет дыма…"", стыкуясь с этим вот "" лес рубят, щепки летят"", было не чем иным, как революционной целесообразностью, ненавистной Милию Алексеевичу.   "
Про них! Лес,лес!  
А ты в лес сходи, ― сказала Пантелевна. 
"Стань на поляне да и крикни изо всех сил: "" Лес,лес!  "
Обулся я, оделся потеплей, пришёл в лес. 
и крикнул изо всех сил! Лес,лес!  
Не шелохнулся лес,и я не понял ― взял он или не взял.   
ДНК, РНК, аминокислоты ― всё это хорошо, но кроме деревьев есть лес,который не просто сумма деревьев…   
Я даже попыталась убежать в лес,но не для того, чтобы, как лермонтовский мальчик, найти свою истинную родину, а заблудиться и умереть, и пусть взрослые поплачут. 
Собирал детей и вёл их в лес. 
Мы направились через лес в сторону посёлка.   
Затем уводил группу в лес и показывал экскурсантам невзрачный холмик. 
Короткая дорога вела через лес. 
Лес расступился, окружил меня и принял в свои душные недра. 
Но однажды к знахарю в лес прибежали люди в струпьях и ранах, с плачем прося вернуться в село, которое поразила страшная болезнь.  
А я бы их напоил чаем, и мы бы все трое пошли в лес,и тогда бы я ни за что не замерз. 
Он притворится спящим, а когда сторожа уснут, прибежит в лес,найдёт мой домик, всунет хобот в трубу и станет тепло дышать. 
Это в лес пришла оттепель. 
утра шумел настоящий проливной дождь. Лес умывается! ― думал Ёжик. 
И так они прошли весь лес.   
Мужчинам хватает колхозной работы, и в лес бегают двое- трое. 
Только он в лес ходил, искал, говорит, косачиные тока.   
А там надо землю рыть, лес сводить, тачку- пертачку гонять. 
И вот гоняют его в тайгу, под землю, на Чукоткин Нос ― лес сводить, тачки гонять, золото рыть. 
Лес валю, в море хожу, за отца, за праотца спину ломаю. 
Он и в тюрьме уже насиделся, и лес в Сибири валил. 
Ибо что, по совести, может сказать рядовому человеку вот такая бумажка:   « Ваш родственник осуждён тогда-то постановлением Особого совещания на восемь лет лагерей за КРД»? Ведь это же тёмный лес,товарищи! 
А сзади них громоздилась несложная вселенная поставщика его императорского величества, его фамилия и звание золотой загогулиной вились внизу паспарту, все эти зеркала, пальмы в кадочках, пни из папье-маше и, наконец, нарисованный на холсте дремучий лес и луна среди косматых вершин. 
Они вошли в лес,и сразу ещё сильнее запахло смолой и хвоей. 
"Лес и в лесу избушка на курьих ножках…""    "
Возле города сосновый лес,целебный для людей вообще, а для лёгочников особенно, для них наш лес и наш сухой, степной воздух ― просто спасение. 
Брали гамаки, корзинки с едой, уходили с утра в лес и валялись там весь день в гамаках. 
Между прочим, и в двадцатые годы в наш город приезжали дачники из Москвы и Ленинграда и ходили с гамаками в лес. 
А дело было так: они ходили в лес,конечно, не одни, а с сёстрами Кузнецовыми, ходить одним, молодому человеку и барышне, считалось тогда неприличным. 
Но ведь речь идёт о Якобе, о дорогом госте из Швейцарии, гостя надо занимать, развлекать, а какое может быть лучше развлечение, чем наш лес,знаменитый, можно сказать, на всю Россию, и что может быть полезнее для такого деликатного блондинчика, чем смолистый воздух?  
Вокруг меня розовели, синели, голубели предвечерние снега, завалившие белорусский лес. 
и военной грозой потемнел нижний слой помрачённых небес, шестируких летающих тел слюдяной перепончатый лес… 
Потом звёздный холод стал постепенно распространяться сверху вниз по всему моему помертвевшему телу, с настойчивой медлительностью останавливая кровообращение и не позволяя мне сделать ни шагу, для того чтобы выйти из-за чёрных копий с золотыми остриями заколдованного парка, постепенно превращавшегося в переделкинский лес,и― о боже мой! ― делая меня изваянием, созданным из космического вещества безумной фантазией Ваятеля. 
"Бульвар Вествуд 			 был глух,  				 как лес . 	 "
Они увидели скопление машин на дороге, слепящие фары, а сзади был загорающийся лес,и тогда они пошли по снежному рукаву между лесом и дорогой довольно гордо, знаешь ли, вполне независимо и даже с некоторым достоинством, хотя и с зажатыми между ног хвостами.   
Их излучают лес и горы, человек и животные ― словом, все предметы окружающего нас мира с температурой ниже 2700 градусов. 
При светлом небе громыхало неподалёку, и находил на лес пасмурный свет ― только какая-нибудь сосна вспыхивала под одиноким лучом.   
И, бешено чередуясь, возник будто бы лес ослепительных корней…   
И так весь лес спалили!    
А я видел, ― зашептал Грошев и оглянулся тревожно на тёмный за спиною лес. 
А был вокруг сплошной берёзовый лес. 
Да, правильно: лес вон валить!    
В лес ―это… на чистом- то воздухе, дурак согласится работать. 
В лес ―это… на чистом- то воздухе, дурак согласится работать. 
Эти- то дорогие воспоминания и жили в нём, и, когда бывало вовсе тяжко, он вспоминал далёкую свою деревеньку, берёзовый лес на берегу реки, саму реку… 
Свернуть― с одной стороны лес,с другой целина, напитанная вчерашним дождём, ― не для городской машинки. 
Тузику на шоссе было неинтересно, и я отводил его подальше в лес,отстегивал поводок.   
В последний день августа на прощанье пошли мы в лес. 
Буду орать на весь лес,издали пугать медведицу. 
Дорога шла теперь через лес.   
Мы гуляем по аллеям! Лес зелёный, помоги!   
Двое бегут на лыжах: сначала по лыжне вдоль путей, потом сворачивают в лес. 
Рассказывала про больницу, про то, что обещают какую-то ещё лучшую больницу, за городом, там кругом лес и можно ходить на станцию, где есть ларьки и кое-что продают. 
А с вами не боюсь отпускать их и в море и в лес.   
Ты на Северо-Западном помнишь вот здесь за Ловатью, если от Рахлиц на Ново-Свинухово, поюжней Подцепочья ― лес?    
Бесконечный лес! 
Окна были обрешечены, но намордников на них не было, днём сквозь них был виден по ту сторону шоссе парк, необихоженный, как лес,а летними вечерами доносились тревожащие песни безмужних девушек московского предместья.   
Ничего подобного он сам не замечал ― лес и лес, воздух хороший, зелено.   
Молодые люди собирались в лес. 
И по ту и по другую сторону тут был лес,правда густой, тёмный, некрасивый. 
И по ту и по другую сторону тут был лес,правда густой, тёмный, некрасивый. 
Теперь налево лес распахивался, но бабы бойко сыпали правей, прямо на солнце, где ещё за рядами кустов открывался обширный простор.   
И молодые люди согласно решили, что в лес ― успеется, а вот в этот сияющий простор непременно им надо сейчас же идти.   
Слушай, сестра!  ― говорил он. ― Как хорошо, что мы пошли сюда, а не в лес. 
А буш ― это австралийский лес.   
Лес,где бесстрашно бегали бы ежи, и зайцы, и белки и летали бы утки, журавли, бродили бы лоси, куковали кукушки, пели соловьи, и чтобы в реке возились бобры и выдры, а наверху стучали дятлы, а весной токовали глухари…   
Я отвык просто пойти в лес,как в детстве, мне нужна была какая-то цель ― собирать грибы, охотиться или пройти сколько- то километров. 
В просвете между деревьями, в дальней глубине ― голубой призрак Колхидской долины, ограждённой стеной моря, вернее, куском стены, потому что всё остальное прикрывает лес.   
Абхазец в лес уйдёт или в горы. 
Густой лес темнеет во всю котловину. 
Когда мы входили в лес,старая ворона нехотя, с криком, похожим на оханье, слетела с ветки дуба и тяжело проковыляла по воздуху, опираясь на крылья, как на костыли.   
Всё садами, садами летели, а дальше― в лес и в горы. 
И в помине не было тут того открытого, задорного перезвона, как в молодом осиннике или ельнике, ― там весь лес шуршит, как огромный муравейник. 
И есть в этой песенке ещё какой-то пафос пустоты: вот лес,горы, поля, непроглядная тьма, и из этой тьмы раздаются разные звериные голоса. 
Мы неслись по лесу, фары пробивали лес,и в глубине за соснами возникали фантастические очертания кустарника. 
И полон был лес для меня призраков, призраков моей любви, которые маячили из-за потухших костров, смешных и милых призраков.   
Они, значит, некоторое время должны промаяться в кювете, возле машины, и поссориться окончательно, а потом Таня побежит в лес,а Андрей, значит, за ней, не будь дурак, и тут, значит, наплыв.   
Таня убегает в лес. 
Мы потащили кран в лес,тянули его, словно бурлаки. 
Кругом лес,трава на участке человеку по шею, зелёная, густая, чистая, с султанами. 
Среди дубов кое-где росли сгорбившиеся, вернувшиеся в лес сливовые деревья, груши и черешни, а персиков и абрикосов уже не было,  ― их короткий век прошёл.   
Да, да, друг мой,  ― сказал отец,  ― когда лес рубят, щепки летят. 
Лес рубят, щепки летят, а партийная правда остаётся правдой, она выше моей беды,  ― и он указал на себя рукой, добавил:  ― Я и полетел щепкой при рубке леса.   
Так в том- то и беда, что лес рубят. 
А трудоспособные стали лес валить, пней, говорят, не корчевали, они не мешали. 
На горизонте ― лес. 
Посадили Гопчика за то, что бендеровцам в лес молоко носил. 
Уж заполночь до лагеря дотянутся, утром опять в лес.   
И школа тоже рубленая, из заказника лес привозили в шесть саженей. 
"Центр, забитый автомобилями, и полные ветра Лужники, все кинотеатры и рестораны, киностудия  "" Мосфильм"", Ленинская библиотека и Пушкинский музей, ГУМ, трах-тах-тах, всё уже позади, и в каменном море четырехугольная  "" Барселона"", волна и корабль, что качал нас семнадцать лет, мама, папа, дедушка, брат, всё дальше и дальше улетают они, трах-тах-тах, свет, мрак, барак, новостройка, тах-тах, это ещё Москва, трах-тах, вдруг лес,это уже не Москва "
Весь вагон возился и извинялся, а трое парней и девушка всё смотрели в окно на лес и поле, где временами появлялись и стремительно мчались назад последние островки Москвы.   
В этот миг берег, и лес,и люди выглядели, как десять лет назад, когда он захлебнулся в воде и на мгновение потерял сознание. 
Мчался меж сосен, прыгал через ручьи, выскочил на шоссе и снова ― в лес. 
Июль навалился душным пузом на этот маленький лес. 
Синий свет взошедшей луны ложился на камни, на редкий лес тайги, показывая каждый уступ, каждое дерево в особом, не дневном виде. 
Мы больше отдыхали, больше обращали внимание на солнце, на лес,на бледно-синее высокое небо. 
На следующее утро Серошапка вывел нас на работу ― в вырубленный ещё прошлой зимой лес собирать всё, что можно сжечь зимой в железных печах. 
На следующее утро Серошапка вывел нас на работу ― в вырубленный ещё прошлой зимой лес собирать всё, что можно сжечь зимой в железных печах. 
сжечь зимой в железных печах. Лес валили зимой ― пеньки были высокие. 
Назаров стал спускаться с горы наискось, лес стал гуще. 
"И я узнал, что не всё вокруг торфоразработки, что есть за полотном железной дороги ― бугор, а за бугром ― деревня, и деревня эта ― Тальново, испокон она здесь, ещё когда была барыня-  "" цыганка"" и кругом лес лихой стоял. "
А то с плетёным кузовом ― по ягоды в дальний лес. 
Что ж, воровали раньше лес у барина, теперь тянули торф у треста. 
"Вскочила я от стола:   "" Захленуться бы вам, подавиться, трутни!"" И в лес ушла. "
Тесть Щукина, старик крестьянин, приехал из соседнего местечка Чуднова и видел своими глазами, что всех местных евреев с узлами и чемоданами погнали в лес,и оттуда в течение всего дня доносились выстрелы и дикие крики, ни один человек не вернулся. 
Земля была огромна, и даже лес на ней не стоял без края, видны были и начало его и конец, а земля всё длилась, тянулась.   
Этот лес,озёра дышали жизнью Древней Руси, о которой Викторов читал до войны. 
Лес жил отдельно от остального мира, и Викторову казалось, что он входит в дом, где всё не так, как на улице: и запахи, и свет через спущенные занавески, и звуки по-иному раздавались в этих стенах, и пока не выйдешь из леса, всё чувствуешь себя не по-обычному, как на малознакомых людях. 
Вот идёт Викторов по улице лесной деревни, и через несколько часов он улетит навсегда отсюда, и всё это ― гудящий лес,деревня, где лоси заходят на огороды, папоротник, жёлтые натёки смолы, река, кукушки ― перестанет для него существовать. 
Так живёт лес в вечной борьбе всех против всех. 
Один, без телохранителей, без привычных адъютантов, он казался себе мальчиком из сказки, вошедшим в сумрачный, заколдованный лес.   
А когда ёж ушёл в лес,она два дня есть не хотела.   
Они вошли в лес,под тень первых дозорных сосен. 
Не все, далеко не все, есть и невинные  ( я же вот невинен!), лес рубят ― щепки летят  ( слышали, наверно, такую пошлую фразу), да, щепки летят, но где-то должен быть и лес. 
Густой тропический лес,скалы, тихие лагуны с прозрачной водой, в которой сверкали рыбы, тёплый песок на берегу лагун ― всё было просто роскошно!    
скоро мы промокли до нитки. Лес становился всё гуще. 
Для большей безопасности я оттащил Костю поглубже в лес и стряхнул его со спины на землю.   
В лес бежать и не думают.   
Не домой, не к соседям, не в лес,а сам не знает куда. 
Лес,в котором дивизия остановилась на ночлег, имел форму вопросительного знака. 
"Где-то уже давали команду  "" в ружьё"", лес глухо зашумел. "
Идти гулять с ним в лес она отказалась, но обещала зайти как-нибудь в гости. 
Но когда Левин ушёл и Барашкин, сладко улыбаясь, дрожащими руками обнял Катю, ей вдруг стало невыносимо противно, и, оттолкнув его, она выбежала из блиндажа в шумящий лес. 
Только бы им выбраться в лес.   
Никогда, бывало, отец его, направляясь в лес,не забудет этого компаса. 
Всю жизнь ты ходишь по лесу, и тебе лес известен весь, как ладонь. 
Вот почему мы, когда придём в лес ранней весной на рассвете и услышим, так и скажем им, как людям, это.   
Красный цвет пугает волков, и запах кумача страшит, и особенно боязливо им бывает, если ветерок, пробегая сквозь лес,там и тут шевелит этими флагами.   
Опять в лес?    
"Так мы шли часа полтора, пока лес не поредел; появились пихты и кедры, мох почти исчез, но подъём не кончался, а, наоборот, стал ещё круче. "
Вот и лес отвалился, остался где-то сзади, и река ушла куда-то в сторону, навстречу грузовику сыпалась разная разность: какие-то заборы с караульными будками и штабеля дров, высоченные столбы и какие-то мачты, а на мачтах нанизанные катушки, груды щебня, земля, исполосованная каналами, ― словом, чувствовалось, что вот-вот она, Москва, тут же, вон за поворотом, и сейчас навалится и охватит.   
Душенька! ― будя своими воплями заснувший сосновый лес,отвечала Наташа, ― королева моя французская, ведь я и ему намазала лысину, и ему!    
Но лес быстро кончился, и его банная духота тотчас сменилась прохладою бального зала с колоннами из какого-то желтоватого искрящегося камня. 
Этот зал, так же как и лес,был совершенно пуст, и лишь у колонн неподвижно стояли обнажённые негры в серебряных повязках на головах. 
Дело в том, что, когда она служила в кафе, хозяин как-то её зазвал в кладовую, а через девять месяцев она родила мальчика, унесла его в лес и засунула ему в рот платок, а потом закопала мальчика в земле. 
Руда, вишь, тут добрая, лес под боком, за работу платил ― только бы не умер человек. 
"1871-й год ― "" Лес"" ―непословичное заглавие, но по существу, выключенное сознательно Островским из целого "" леса"" пословиц о лесе.   "
"Я возьму одну пьесу "" Лес"". "
"Я возьму только одну страницу Даля из его толкового словаря и приведу народное эхо на этот образ "" лес"". "
"Лес―лесом, а бас― басом"""" Чей лес, того и пень"". "
"На кусты леса не кричите"""" Наука в лес не ходит"""" Кому в лесу леса мало"". "
Не помню, какую пьесу играли, но очевидцы рассказывали, что во время картины, где был изображён лес,с генералом что-то сделалось. 
Лес в закате, птицы перед сном засвистели, за сценой благовест к вечерне в селенье дальнем… 
Не надо от пуль на пол ложиться, не надо от снарядов в погреба прятаться, не надо от пожаров в лес бежать. 
Но угроза тётки меня нисколько не пугала, тем более что даже с тёткой я редко ссорился: я был слишком занят стрельбой по воробьям, охотой за кошками и путешествиями в лес. 
"Темнело; и как будто синее стекло застывало в воздухе, ― синее стекло, в котором возникало изображение города, куда я возвращался, где в белом высоком доме гостиницы жила Клэр; наверное, думал я, она лежит теперь на диване, всё так же безмолвно скачет жёлтый Дон-Кихот на ковре и тёмно-серый лебедь обнимает толстую Леду; и дорога от Клэр ко мне стелется над землёй и прямо соединяет лес "
"Когда она стихала, из-под снега вдруг появлялся целый мир, точно сказочный лес,выросший из чьего-то космического желания; я видел эти кривые линии чёрных зданий, и ложащиеся со свистом сугробы, и маленькие фигуры людей, идущие по улицам. "
Дождавшись тихой погоды, я снова вышел в лес:лыжи глубоко погружались в мягкий, только что нападавший снег. 
На дальнейшем пути Петра Евсеевича находился небольшой, уже использованный сельской общественностью лес,лишь изредка обогащённый строевыми, хотя и ветшающими соснами. 
Лес быстро прекращался, и земля из-под деревьев переходила в овражные ущербы и в ещё несверстанную чересполосицу ржаных наделов. 
В лесу, лес пахнет земляникой. 
Триста рублей, твой лес, ―сказал Христо и встал.   
Идём, ― говорит, ― я тебе лес покажу. 
Но вода Матрёшке только силы подбавила из воды она как выскочила, прямо в лес. 
Наш лес,говорят, на сто вёрст раскинулся, но кто говорит на сто― до ста и считать только может. 
Куда больше наш лес,и в лесу этом зверья всякого видимо-невидимо волк, медведь, рысь, всякая всячина. 
В этот лес и увезла Матрёшка маленькую Рыбку.   
Старый бросился к пастухам, а те же стоят себе кучкой и всё в лес смотрят за реку.   
Мы пошли в лес,подняли зайца. 
Он взял автомобиль и поехал за город в Зелёный лес.   
А он уже девку в лес,в чащу, в старое зимовище. 
Этот огромный лес,что тянется в глубь материка на тысячи миль, должен таить копи царя Соломона, сказку Шехерезады и тысячу тысяч вещей, ждущих открытия.   
Потрясённый, так как только лес,только один лес мог расстилаться здесь, и во все стороны не было даже негритянской деревни ближе четырнадцати дней пути, Пелегрин двинулся на звук, и ему оказали тёплое гостеприимство. 
Да, месяц пути показал мне, что этот лес. 
Так неспешно идёт жизнь― и всю жизнь, как крепкий строевой лес,сидят на одном месте, корневищами ушедши глубоко в землю. 
А тут жизнь― как на якоре― качается пристанью, и люди― как крепкий строевой лес,глубоко корневищами усевший в землю.   
Ведь это не лес,в лесу всякое дерево, и мох на коре, и мочажины, и камни― всё разное, только глаза разуй, а там― как же, в городе- то?    
Неслышно, пара за парой, исчезают в туман, или, может быть, в пуховый белый лес там, за туманом― и задергивается белая штора.   
Лес―сзади, лес― впереди Марея, а середина― голая под месяцем.   
Там уже трещало, ломило в кустах― в лес,в глубь!    
Так перед концом солнце вёдрами лило золото в лес:золотые деревья, и небо золотое, и мох золотой.   
Ни души не было кругом, ― только овсянки, сидя под дождём на высоких цветах, звенели на весь редкий лес,поднимавшийся за избою, но, когда тройка, шлепая по грязи, поравнялась с её порогом, откуда-то вырвалась целая орава громадных собак, чёрных, шоколадных, дымчатых, и с яростным лаем закипела вокруг лошадей, взвиваясь к самым их мордам, на лету перевертываясь и прядая даже под верх тарантаса. 
Собаки отстали и сразу смолкли, деловито побежали назад, лес расступился, и впереди опять открылись поля. 
Он говорит, что половина этой страны ― его, что этот лес ―его лес, что наши жилища должны принадлежать его воинам и что он идёт отобрать все это у тебя, у нас. 
Мы окружим лес и нападём на твоего брата, разобьём его войско, а его самого приведём к тебе. 
И они осторожно взяли под руки Галю и хотели её увести в дремучий лес,где у них между деревьями скрывался их храм. 
Едва только третья волшебница успела произнести последнее слово, как закачался, загудел лес,и чародей Гай, получеловек, получудовище с огненными глазами и всклокоченными, дыбом стоящими волосами, появился верхом на диком вепре.   
В тот же миг Гай подхватил сердце и погнал своего вепря обратно в лес,испуская громкие торжествующие крики.   
Я хочу пойти в лес,последний раз полюбоваться природой.   
Чёрный лес гудел, крутил вихри, свистел вьюгой и пушил снегом, когда солдат Иван подошёл к опушке и громко крикнул:    
А Гай привесил себе на грудь два плачущих глаза Ивана, и― о, диво! ― весь лес осветился чудным сиянием. 
Смотрим на буковый лес на горах, который теперь пока ещё чуть-чуть с прозеленью ― синеват, точно парижской зеленью с известью покрашен от короедов.   
И вдруг как-то сразу окончился лес,и мы вышли из тумана. 
Я люблю лес. 
Помнишь лес у нас в Егоровском?.. 
Я люблю лес. 
Помнишь лес у нас в Егоровском?.. 
А лес?..и его никсы ― первые музы Гейне?    
Старое исчезло… Лес,свежий лес, британский лес… 
А лес был такой огромадный, такой частый, ― ни пройти, ни проехать.   
Без умолку день-деньской шумел лес,а придёт ночь, загорятся звёзды, и в звёздах, как царь, гудит лес грозно, волнуется.   
А клубок катится, закатился в лес,пошёл по кочкам скакать, по хворосту, привёл в самую чащу и стал у берлоги.   
Только лес шумит, царь- лес.   
Как-то подметала Марья пол, скатился клубок и в лес. 
Мэн смазал пружину капкана, ещё раз подул на неё и, положив машину на колени, спокойно стал смотреть через жёлтую равнину поля в далёкий лес. 
Он расскажет Мэну о звере, Мэн возьмёт ружьё, пойдёт в лес и застрелит зверя. 
Зайка беленькая, отправляйся, моя курнопяточка, в тёмный лес,иди всё прямо- прямо, и будет тебе избушка Бабы- яги. 
Бегал Котофей Котофеич в домик к Шкурке, но ни единой души не нашёл в домике: Артамошка с Епифашкой в лес улизнули и там свили гнездо себе, живут- поживают, творят пакости да народ смущают.   
И бросили Белки калёные орешки грызть, помчались в лес разыскивать Зайку, но и Белок не было, не возвращались Мохнатки в башенку.   
А Коза всех перебодала, да и опять в лес за кленовым листочком, только Козу и видели. 
Теперь, к ночи, трава и лес пахли ещё сильнее, и сходившие люди уже не казались такими смешными и тяжёлыми: прозрачные сумерки точно окрылили их, и две женщины в светлых платьях, казалось, не пошли, а полетели, как лебеди. 
Умерли зелёные поля и лес,одни их зловещие тени бесшумно реют над грохочущим поездом, а там, за несколько вагонов сзади, быть может, за четыре, быть может, только за один, так же бесшумно крадутся те. 
И отяжелела она: редко бегала с дачи, и когда маленькие дети звали её с собою в лес,уклончиво виляла хвостом и незаметно исчезала. 
"Горели целые города, сёла и деревни; лес и поля больше уже не были их охраной: покорно вспыхивал сам беззащитный лес, и красной скатертью расстилался огонь по высохшим лугам. "
Лес,который мы оставили назади, кончился у начала лугов в низинке и не закрывал станка, а только наполнял воздух протяжным, пугающим гулом.   
Мне снилось, что я опять еду той же дорогой, и опять мне холодно, и опять кругом меня опушённый инеем лес,и косые лучи солнца, густые и жёлтые, уходят из этого леса, играя кое-где на стволах и мохнатых ветках… 
Я был глубоко убежден, что он пошёл по дороге в лес,и потому всю дорогу ночью кричал и вглядывался. 
Дорога тут была такая же широкая, и скоро опять начинался лес. 
Брат мой Николай, сидя у себя в канцелярии, мечтал о том, как он будет есть свои собственные щи, от которых идёт такой вкусный запах по всему двору, есть на зелёной травке, спать на солнышке, сидеть по целым часам за воротами на лавочке и глядеть на поле и лес. 
На том берегу, где теперь заливной луг, в ту пору стоял крупный берёзовый лес,а вон на той лысой горе, что виднеется на горизонте, тогда синел старый- старый сосновый бор. 
А когда выглянет солнце после такого дождя, лес так ярко зеленеет и весь горит алмазными искрами. 
осенью, когда выпал первый снег. Лес и теперь был хорош. 
"Поспеется, сахар ты наш, а именинник не медведь ― в лес не уйдёт"". "
Место глухое, лес―овчина овчиной. 
Лучшие вожаки плутают, потому как все приметы снегом засыплет, да и лес совсем другим оказывает. 
На третий день после ревизии оставил он дома жену вечерний шестичасовой поезд встретить, а сам взял ножик и в лес пошёл, палок себе нарезать. 
Не обернулся Василий, в лес ушёл.   
Подскакал олень к берегу, а недалеко от берега островок небольшой, а на острове кусты густые и лес мелкий. 
Наши дети не поймут скоро поэтического выражения « не шуми ты, тёмный лес,зелёная дубровушка», равно не поймут и всего неисчерпаемого запаса как мифологической, так и позднейшей поэзии, основанной на таинственной, то возвышающей, то грозной, то прелестной внушительности повсюдных, ещё недавно непроходимых, лесных чащ. 
Много я от неё, ― продолжал рассказчик, помолчав, ― много муки тогда принял. Дорогой- то, знаете, ночью, всё дождик, погода злая… Лесом поедешь, лес стоном стонет. Её- то мне и не видно, потому ночь тёмная, ненастная, зги не видать, а поверите, ― так она у меня перед глазами и стоит, то есть даже до того, что вот, точно днём, её вижу: и глаза её, и лицо 
И пальма гордо смотрела зелёной вершиной на лес товарищей, раскинутый под нею. 
Что же так- с? часом раньше, часом позже ― дело не волк, в лес не уйдёт- с. 
А вот мы это после разберём! ― отвечал Бондырев и, обращаясь к толпе, промолвил: ― Чтоб был у меня рекрут найден! все марш в лес искать!    
"Вот идёт он почитай до полуночи, и стал видеть впереди будто зарево, и подумал он: "" Видно, лес горит, так зачем же мне туда идти на верную смерть, неминучую?  "
"Приходи во зелёный сад, в сумерки серые, когда сядет за лес солнышко красное, и скажи:"" Покажись мне, верный друг! ""― и покажу я тебе своё лицо противное, своё тело безобразное. "
"Втапоры, не мешкая ни минуточки, пошла она во зелёный сад дожидатися часу урочного, и когда пришли сумерки серые, опустилося за лес солнышко красное, проговорила она: "" Покажись мне, мой верный друг!"" ― и показался ей издали зверь лесной, чудо морское; он прошёл только поперёк дороги и пропал в частых кустах, и невзвидела света молода дочь купецкая, красавица писаная, всплеснула руками белыми, закричала истошным голосом и "
Нет сомнения в том, что, например, Рюиздаль ( мы опять продолжаем старое наше сближение) был способен мастерски написать море в Кастельмаре, или внутренность померанцевой рощи около Сорренто, или даже девственный лес Южной Америки, но проявить одному ему принадлежащий рюиздалевский элемент мог он, только изображая свои родные пейзажи. 
Я ударил вожжой по лошади, спустился в овраг, перебрался через сухой ручей, весь заросший лозинками, поднялся в гору и въехал в лес. 
"За мной неслись четыре казака; уж я слышал за собою крики гяуров, и передо мною был густой лес. "
"Сердце моё облилось кровью; пополз я по густой траве вдоль по оврагу, ― смотрю: лес кончился, несколько казаков выезжают из него на поляну, и вот выскакивает прямо к ним мой Карагёз; все кинулись за ним с криком; долго, долго они за ним гонялись, особенно один раза два чуть-чуть не накинул ему на шею аркана; я задрожал, опустил глаза и начал молиться. "
Григорий Александрович, я уж, кажется, говорил, страстно любил охоту: бывало, так его в лес и подмывает за кабанами или козами, ― а тут хоть бы вышел за крепостной вал. 
"Вон небо клубится передо мною; звёздочка сверкает вдали; лес несётся с тёмными деревьями и месяцем; сизый туман стелется под ногами; струна звенит в тумане; с одной стороны море, с другой Италия; вон и русские избы виднеют. "
Река Вятка, лес по обе стороны, ельник по большей части и всякий чёрный лес, а где разливается, то один чёрный лес. 
По реке лес чёрный, а немного далее ель и пр. 2 версты от реки ― вотские деревни. 
Места почти ровные, гор мало, болоты, местами лес:сосняк строевой, ели, берёзы. 
Лес―ель по большей части и пихта. 
Работа состоит в рубке дров, по 31/ 2 сажени с души, за сажень получают лово 
Это не демонстративное отрицание важности политики и нигилизм, не пацифистское « make love not war» и не призывы уйти в лес и забыть про капиталистические идеалы. 
Гуляя, он забрел в лес и среди деревьев увидел несколько мешков с песком внутри. 
Жители Вершино- Дарасунского часто ездят для этих операций в лес, но молодые люди решили обжечь ее прямо в огороде. 
На шахте у него график 15 через 15 дней, поэтому в выходные дни он часто уходит на охоту в лес ― иногда даже не доставая ружье, потому что любит по нему побродить, иногда пособирать ягоды и грибы. 
Дойду до дома, а потом в лес пойду проверять». 
Забрав коня Чарли, Блейк отправляется в лес.   
"Герой в сопровождении Никто пересекает лес, затем движется по реке до индейского города на берегу океана; часть пути он проходит один.   "
Например, « Лес рубят ― щепки летят» иногда трактуется как хорошая работа дровосека. 
Поэтому в этот период считалось нежелательным ходить в одиночестве в лес или поля, потому что можно было попасться русалке. 
Я ушел в лес потому, что хотел жить разумно, иметь дело лишь с важнейшими фактами жизни и попробовать чему-то от нее научиться, чтобы не оказалось перед смертью, что я вовсе не жил. 
Главная примета России у Моуэта ― лес подъемных кранов.   
Река, лес рядом. 
вас хочет писать о политике. Лес рук. 
Наконец, лес. 
Идите гулять в хвойный лес, чтобы обнулить негативные эмоции».   
Идите гулять в хвойный лес, чтобы обнулить негативные эмоции».   
Через несколько минут после заправки лес начал отступать, а дорога стала обрастать подробностями городской окраины: железной дорогой под автомобильным мостом, какими-то складами без окон и дверей, далекими, сбившимися в стайки, но при этом выглядящими одиноко высотками. 
Петров побрел мимо тополей, поглядывая туда-сюда в поисках какой-нибудь улицы покрупнее, пока, наконец, в самом низу улицы снова не уперся в заборы частного сектора и какие-то гаражи, впереди и справа за гаражами и частными домиками снова был лес, зато слева, по очень далекой для замерзшего Петрова дороге, прошел синий троллейбус.   
Или была история про то, как владелец газели, чеченец, жаловался на одного своего водителя маршрутки, который уходил в непредсказуемые запои, причем что только с ним не делали ― и били, и вывозили в лес, и ставили на счетчик, а потом били и вывозили в лес, и ходили жаловаться его маме, но водитель так и продолжал пить. 
Исполнитель роли снеговика ― Гера, а вернее ― Герман ( как Титов) все не мог дождаться своего костюма, избушку Бабы-Яги не рисковали втаскивать на сцену, где, кроме новогоднего спектакля, репетировали еще несколько коллективов, поэтому Гера говорил: « Я такой вот вроде снеговик, здесь вроде будет стоять избушка, потом пенек, вот тут лес». 
А потом ледник, двигаясь на юг, сместил погибший лес вместе со смолой. 
Этот егерь, кстати, изначально был приставлен ко мне директором Боржомского заповедника и должен был ― нет, не помогать моему эксперименту, а препятствовать и не пускать меня в лес. 
Я следил за всеми выпущенными в лес особями ― они полноценно жили и размножались.   
Мой глупый земляк Солоухин зовет вас в лес соленые рыжики собирать. 
По телевизору сказали, что в некоторых областях люди прячут раскладушки или уходят с ними в лес, в зелёнку. 
Надев ходовые ботинки ( в самом прямом смысле), углубился в лес, чтобы с максимально возможной частотой отталкиваться ими от почвы. 
Они сами экспортируют лес и прекрасно обходятся без российского транзита.   
В немецкую Ригу возили дрова и строевой лес, в Новгород везли мясо и рыбу, воск ― в Ярославль и другие русские города, в Литву везли кожи самой разной выделки, бараньи тулупы и барашковые шубы, рукавицы, сапоги, сермяжное сукно, сермяги и епанчи. 
В восемьдесят пятом году в торопецком районе известным специалистом по бурому медведю Валентином Сергеевичем Пажетновым была основана биологическая станция « Чистый лес», на которой стали выращивать медвежат- сирот. 
За тридцать лет существования станции вырастили около двухсот медвежат и выпустили их в лес. 
Когда пришла осень, Пажетнов повел медвежат в лес, чтобы те смогли залечь на зиму в берлогу. 
Мы говорили о медвежатах, о том, как непросто их растить, и мне думалось о том, что будь я медвежонком ― тоже от него не ушел бы в лес. 
Уже осенью девятьсот пятого года крестьяне начали самовольно рубить лес на участках купца Крымова. 
Весной и летом семнадцатого года крестьяне грабили усадьбы, захватывали помещичьи земли и рубили, где хотели, лес. 
По обеим сторонам от дороги стоит спокойный, ещё не прогретый солнцем лес. 
Шумно, и жутко, и грустно, и весело ― я ничего не пойму, ― вспоминает парень строчки и с волнением глядит вперёд, туда, где обрывается лес и начинает сиять поле…   
"На соседних койках храпели на разные лады его случайные товарищи по неволе, время от времени звучно портя воздух; в коридоре потрескивали плафоны и изредка раздавались чьи-то скучные, равнодушные шаги, ― а он лежал и видел глазами воображения мудрый, прогретый солнцем лес, видел изгиб сверкающей реки, видел сирень под тёплым дождём и задумчивую чистую девушку у вечерней калитки. "
Хвойный лес», ― но чувствует, что эти слова не вызволяют его из плена, что они ― совсем не то, о чём поёт на самом деле всё вокруг. 
Впереди уже виднеется родной лес. 
Ответ на свое недоумение Гарри получает в главе « Кингс- Кросс», когда уходит в Запретный лес, чтобы отдать свою жизнь за всех. 
Когда Гарри, войдя в пронизанный лунным сиянием лес, поворачивает воскрешающий камень, он видит отца, маму и всех иных родных ему людей, которые отдали за него свои жизни. 
Пусть это будет набережная, парк, лес за городом или озеро. 
Как-нибудь утром попробуйте заехать в лес в пригороде. 
Я проследила за машиной… да везут за мясокомбинат, в лес…. да еще и поджигают. 
В итоге его баба какая-то русская подрезала, когда он ее вывез куда-то в лес и попытался изнасиловать. 
Сразу же за свалкой лес заканчивался, на границе свалки и частного сектора по одну сторону дороги стояла трансформаторная будка, чье гудение Игорь услышал подсознательно даже через гул машины, а по другую ― покосившийся телеграфный столб с обвисшими, будто усы одного из солистов « Песняров», проводами.   
Не надо отдавать буржуям по дешевке наш лес ― пусть готовят себе пластмассовые гробы.   
Переваливающиеся на кочках моторы доставляли высокопоставленные тела, которые в продолжение выходных, праздников и отгулов пили и закусывали, изредка внедряясь в лес и возвращаясь с услужливо затравленным клыкастым или рогатым.   
Вера готова была спорить, что отец семейства, борец и вероятный убийца, запирается иногда здесь и смотрит в нарисованный лес. 
Подальше куда-нибудь, в лес. 
Комаровский дом стоит на самом краю деревни: темнеет, и слышно, как шумит лес, а в лесу что-то потрескивает и поскрипывает, и какая-то птица то ли кричит, то ли плачет. 
Есть и другая дорога ― через лес, но старшая Комарова боится цыган. 
Надо на днях в лес пойти за шляпаками. 
За окнами глухо шумит лес, Лорд гавкает пару раз на проезжающую телегу с цыганами. 
Сестра прижимается лбом к прохладному оконному стеклу, смотрит на мелькающие за окном деревья: до Павловска дорога идет через лес, в котором изредка попадаются небольшие станции и полустанки. 
Электричка стучит колесами, плавно раскачивается: скоро лес сменится полями, а потом потянутся однообразные новостройки городских окраин.   
Мы побрели вчетвером через лес. 
Ну и, в общем, зазвала она своего Андрея под каким-то предлогом в лес, там его задушила, а сама превратилась в ночную птицу и улетела в самую чащу, и теперь плачет там о своей загубленной молодости.   
"У пруда дорога раздваивается: налево еще недолго продолжается деревня, за ней ― поле; направо сразу начинается лес. "
Дорога, по обе стороны которой тянется лес, теряется за горизонтом, и длинный треугольник неба над ней такого цвета, что кажется, будто вместо неба кто-то растянул только что выстиранную светло-голубую материю.   
Зора, она как в птицу- то превратилась, начала плакать в лесу и детей своих звать: они ночью просыпаются и слышат, что мама их из леса зовет, ну, встали, причесались, умылись, оделись и пошли к ней в лес, а она их в топь- то и заманила. 
"Как лес потрескивал, попискивал,  	 Динамик пел наоборот.  "
Выкрались в лес через пролом в булыжной кладке.   
И лес, набегавший с уклона в реку.   
Еще навал ― и сама природная крепость наша ( речные берега, лес…), хотя и намертво скованная зимой, будет отдана им на разграбление.   
Я бы не выдавала, но мне приснился сон: про то, как цыгане заманивают его в лес.   
Я ушла в лес и плакала.   
Внимательный лес   
Вот и название книги « Внимательный лес», по определению самого автора, связано с всматриванием человека в пространство: « Название 
Другие смыслы, выводимые из биографии, точно подмечены Данилом Файзовым на презентации книги: «… с одной стороны, лес ― это каким-то безусловным образом связано с поэтом Алексеем Кубриком ( живущим в подмосковной Балашихе. 
Поэтому можно сказать так: лес внимательный, Кубрик ― внимательный, Кубрик ― лесной».   
Вот смотрим ― небольшой этюд Гущина « Осенний лес» 1962 или 1963 года ― да это же письмо Миши Аржанова!    
Хоть в лес уходи и вешайся на суку.   
Хоть в лес уходи и вешайся на суку.   
Зачем в лес?  
На этой неделе состоится премьера киномюзикла « Чем дальше в лес…»  
не помнит, о чем этот фильм. только несколько кадров остались в памяти: легкие капли крови на снегу, сосновый лес и кружение леса в камере, а еще черно-белое, полосатое платье стефании, когда избалованной кошечкой она танцует перед трентиньяном. в институте мать была немного похожа на сандрелли ― тугая плоть, пушок над верхней губой. молодая мать ― близорукая итальянка, только волосы у стефании чуть светлее и ростом 
Археолог Е. К. Максимов рассказывал мне, что во время археологических раскопок И. В. Синицына в устье Гусёлки в 1960- х гг. под берегом в затопленной пойме местами ещё стоял в воде лес.   
1990 год ― опять же В. Малкин ― от финских слов salo « густой лес» и va « вода, река», т. е. лесная река. 
Я видел, как опадают листья, как ложится снег, слышал, как поют птицы, а потом начинает пробуждаться весенний лес…   
Рос, как все мальчишки ― играл во дворе, ходил в лес за грибами и ягодами, на лыжах катался, на коньках, купался в речке, ― но другие ребята на все эти картинки на стенках не обращали внимания, а мне они запали в душу, интересно стало, захотелось самому так научиться.   
Яркое тому подтверждение такие программные картины Н. М. Гущина, как « Вечность», « Ноктюрн», « Сказочный лес», «Лунная соната», « Элегия» и другие. 
Немного сплавляли лес, немного ремесленничали, немного пахали землю, немного уходили каменщиками в Петербург и много пили в одном питейном доме, одном рейнском погребе и трех трактирах. 
В объяснительной записке по поводу своих действий царю Василию Шуйскому солигаличане писали: « И мы сироты твои государевы, слыша от воров и литовских людей и от бояр великое разорение, и жон своих и детей великий позор, да побегли от них на лес, в засеки, и животишка свои пометали… И после нас, как мы побежали в забеги, на посаде дети боярские животишка наша, и по 
И в этот мороз надо было валить лес для фронта. 
Кто устроился ― тот лес валит и пилит, а кто нет ― едет в Москву охранником. 
Я лучше про лес скажу. 
Я лучше про лес скажу. Лес, конечно, пилят, а чистить ― не чистят. 
Аккурат через нашу деревню, через ручей, через поле, через березовую рощу в дальний лес. 
Затоптали и ушли в дальний лес.   
"Зимний лес ― гулкое, как выстрелы, карканье ворон, снег с еловой ветки, упавший за шиворот, следы, в которых не видно дна, пар от мокрых рукавиц и параллельные, то и дело пересекающиеся кривые лыжных следов; весенний лес ― запах черной, еще мерзлой, земли, текущий во все стороны, захлебывающийся талой водой, ручей, тонкая белая полоска синей от холода кожи между свитером и джинсами, а на ней крупные "
"пупырышки, которые только губами и можно растопить; летний лес ― горячие капли золотистой смолы на медной коре, волосы, пахнущие шашлычным дымом, белый, в ромашках, сарафан, испачканный красным сухим вином и щекочущая сосновая иголка, которую никак не достать, если не расстегнуть две тысячи мелких, как божьи коровки, пуговиц, стремительно расползающихся под пальцами по спине и груди; осенний лес ― длинный и тонкий солнечный луч с нанизанными "
"Зимний лес ― гулкое, как выстрелы, карканье ворон, снег с еловой ветки, упавший за шиворот, следы, в которых не видно дна, пар от мокрых рукавиц и параллельные, то и дело пересекающиеся кривые лыжных следов; весенний лес ― запах черной, еще мерзлой, земли, текущий во все стороны, захлебывающийся талой водой, ручей, тонкая белая полоска синей от холода кожи между свитером и джинсами, а на ней крупные "
"пупырышки, которые только губами и можно растопить; летний лес ― горячие капли золотистой смолы на медной коре, волосы, пахнущие шашлычным дымом, белый, в ромашках, сарафан, испачканный красным сухим вином и щекочущая сосновая иголка, которую никак не достать, если не расстегнуть две тысячи мелких, как божьи коровки, пуговиц, стремительно расползающихся под пальцами по спине и груди; осенний лес ― длинный и тонкий солнечный луч с нанизанными "
"Зимний лес ― гулкое, как выстрелы, карканье ворон, снег с еловой ветки, упавший за шиворот, следы, в которых не видно дна, пар от мокрых рукавиц и параллельные, то и дело пересекающиеся кривые лыжных следов; весенний лес ― запах черной, еще мерзлой, земли, текущий во все стороны, захлебывающийся талой водой, ручей, тонкая белая полоска синей от холода кожи между свитером и джинсами, а на ней крупные "
"пупырышки, которые только губами и можно растопить; летний лес ― горячие капли золотистой смолы на медной коре, волосы, пахнущие шашлычным дымом, белый, в ромашках, сарафан, испачканный красным сухим вином и щекочущая сосновая иголка, которую никак не достать, если не расстегнуть две тысячи мелких, как божьи коровки, пуговиц, стремительно расползающихся под пальцами по спине и груди; осенний лес ― длинный и тонкий солнечный луч с нанизанными "
Все украшения отличаются удивительным дизайном и тонкой искусной работой, и порой кажется, что белки вот-вот оживут и упрыгают в сказочный лес, рожденный фантазией талантливых испанских мастеров.   
В первую очередь к фестивалю « Черешневый лес» в лице Михаила Куснировича, который с энтузиазмом отнесся к идее. 
"Церемония открытия памятника состоится 28 мая в рамках фестиваля « Черешневый лес»; затем начнется концерт, составленный из произведений Шостаковича.   "
Часто ее появление связывают с постановкой В. Э. Мейерхольда « Лес» (1924) и даже с юбилейным представлением к столетию Малого театра. 
На лето ― поближе к воде, зимой ― в лес, где теплее и снег рыхлый, так что оленям проще искать пищу. 
Стать на их сторону и умереть или уйти в лес и тоже умереть ― эта жизнеутверждающая альтернатива рассматривается в рассказах Дмитрия Ермакова, где главные злодеи уже не внешние мифологические « пиндосы», а внутренние, столь же мифологические « москвичи»: «… Думалось, что вырвался ты из той адской машины, перестал винтиком быть. 
"Вячеслав Карташов: « простор- шатер», « небес- лес», «шутя- дитя»; Игорь Левин: « замерзает- сползает», « снов- любовь», « волос- утес»; Ярослав Кауров: « стеной- пеленой», « тюрьма- кутерьма», « жиже- жижа» ( привет Елене Пиетиляйнен!  "
Кому-то хватило впечатлений от кровавых эксцессов Гражданской войны, а кто-то посчитал их временными неизбежными переходными явлениями и, руководствуясь формулой « лес рубят ― щепки летят», с энтузиазмом включился в новые лесопосадки, не принимая во внимание зловещей второй части этого составного слова. 
<sup>669</ sup>См. раздел о романе « Русский лес» в учебнике Н. Лейдермана и М. Липовецкого, где анализируется как раз роль органицистской метафорики у Леонова: Лейдерман Н. Л., Липовецкий М. Н. Современная русская литература 1950 ― 1990- е годы. 
Золотой лес, золотое озеро, золотой собор…   
Очень любили эти каникулы: лес, речка, завхоз дядя Саша таких лещей нам ловил!  
"Он сошел на конечной и мимо огромной цветочной клумбы, посреди которой были вмонтированы часовая и минутная стрелки ( клумба оказалась знаменитыми цветочными часами, о чем потом он вычитал в подсунутом Леней путеводителе), вышел к набережной, где, пошевеливая боками, тесными рядами стояли на воде разноцветные парусники; целый лес голых мачт.   "
Однажды увидал стайку козочек и рванул за ними в лес. 
Коля с мамой еще несколько лет затыкали дыры и своими силами утепляли дом, чтобы разбить огород им пришлось корчевать лес. 
Тропический лес или тайга поглощает и отражает солнечную энергию совершенно не так, как это делает картофельное поле.   
Генка решил пойти в лес ― поесть ягод. 
"приходит смс от мчс ― 	 товарищ, не ходите с бабой в лес  	а я лежу и, кажется, страдаю 	 за всех и вся 	 и лес внутри меня 	 в лесу бутылки, ложки, чешуя 	 шприцы, газеты, фантики, стаканы 	 грибы, костры, колеса, труп коня 	 менты, опять колеса, и опять 	 там перелетных жаворонков стая 	 и бесполезный снег лежит до мая 	 там наркоманы бродят по проселку 	 там баба убивает поросенка "
"иголки 	 мне колют в сердце 	 задевают легкое 	 свинья в крови, но ― всё визжит визжит 	 в моих ушах ― 	 берите вашу жизнь 	 я в черный чай бросаю сахарок 	 и вижу лес  	и бабу с топором  	   "
"приходит смс от мчс ― 	 товарищ, не ходите с бабой в лес  	а я лежу и, кажется, страдаю 	 за всех и вся 	 и лес внутри меня 	 в лесу бутылки, ложки, чешуя 	 шприцы, газеты, фантики, стаканы 	 грибы, костры, колеса, труп коня 	 менты, опять колеса, и опять 	 там перелетных жаворонков стая 	 и бесполезный снег лежит до мая 	 там наркоманы бродят по проселку 	 там баба убивает поросенка "
"иголки 	 мне колют в сердце 	 задевают легкое 	 свинья в крови, но ― всё визжит визжит 	 в моих ушах ― 	 берите вашу жизнь 	 я в черный чай бросаю сахарок 	 и вижу лес  	и бабу с топором  	   "
Снять волнение и легкую дрожь после « экстрима» можно в фитнес- центре, расположенном в зимнем саду с панорамным остеклением и видом на лес. 
Узбек пожал плечами и повел работников миграционной службы в лес, где откопал свой парашют.   
Свекор после их визита слег с инсультом, ишиасом и сенной лихорадкой, а большой лес с дичью отошел к соседнему королевству, и луга за лесом ― тоже. 
Так Гирский лес в Индии ― место проживания единственной сохранившейся популяции азиатских львов ( всего несколько тысячелетий назад обитавших на огромной территории от южных Балкан до Ганга). 
И если заповедный лес горит ― нужно ли его тушить?    
Там же, где по климатическим причинам лес расти не может, степная дерновина без регулярной « стрижки» может сама себя задушить: несъеденная трава, засыхая и накапливаясь, за несколько лет образует толстую « подушку», через которую не может пробиться молодая поросль. 
Они служили основным источником топлива для горожан, и для них был разработан изощренный режим лесопользования, позволявший регулярно получать с этих угодий необходимый « урожай» древесины, сохраняя при этом ее источник ― лес. 
Для варварских племен, создавших в раннем Средневековье свои королевства на месте Римской империи, дикая природа ( которую воплощал лес) была источником целого ряда ценных ресурсов ― прежде всего мяса и меха. 
Первоначально это не требовало каких-то специальных мер: лес оставался в общем пользовании, но безоружный земледелец и так не совался в него без настоятельной нужды. 
Если же он все-таки приходил в лес, то обычно за хворостом, лекарственными и съедобными растениями или для выпаса скотины ( чаще всего свиней) ― что не сильно волновало благородного господина.   
"В словаре Даля читаем: « Заповедать лес ― запретить в нем рубку; это делается торжественно: священник с образами, или даже с хоругвями, обходит его, при народе и старшинах, поют « Слава в вышних», и запрещают въезд на известное число лет». "
Что не мешало одному из них машинально скусывать ягоды с выдранного с корнями куста черники, а другому ― безотчетным движением отправить в кусты освобожденную от содержимого пивную банку ( без которой, конечно, в лес пойти было никак нельзя). 
Но беда в том, что вместе с мусором с тропы в лес летят окурки и непогашенные спички…   
И дальше они ( невеста и любимый со светлой бородой) летели на тройке сквозь зыбящийся, машущий лес рук людей двойным живым счастливым портретом. 
Озеро рядом, за ним лес, грибы, ягоды. 
Лес строевой по берегам не валялся никогда. 
Вчера ходил в лес. 
И вот пошёл я по этой горке, решительно и стремительно, поскольку лес зовёт!  
"Было так редкостно, так нами необычайно и бескрайне окрест оживало, как только может бывать на непохоронном, пошедшем в преклонность кладбище растворившимся настежь, всем и вся сполна подарившимся, сентябрем осененным днем, раз в судьбу, ― на неукротимо живном, переполненном до беспределья шатучей, немолвной игрой светотени кладбище, неприметно для себя превращенном в своевольный, задремавший в дремучести ясной лес; в день случайный, в день житейски, реально как "
Потому что общая нищета скверного парка, где ютились волшебные огоньки праздников, как в последний раз в жизни случившихся с ними со всеми, да и с нами тоже, всё больше опадала ошметками сухой хвои и рыбьих чешуек, осыпавшихся конфетти и осколков, по которым топтался каменный бог ветра в своих железных сапогах, перешагивая через старый, дурной и короткий лес, и улетавший сквозь трубу нового надземного 
Трубочистка  со знакомым отправились в лес к большому дереву в лунную ночь по росе, в лес и  овражец, где когда-то играли в прятки ввосьмером, а теперь зарыли одежды и барабаны в корнях. 
Ожидающий меня новый дом мало чем отличался от старого, только квартира теперь была на последнем этаже, и из нее открывался вид на лес, одного взгляда на который мне хватало, чтобы снять постоянно копящуюся в моем сознании усталость. 
Как известно, не волк в том смысле, что не убежит в лес. 
Потом увезли разбитые компьютеры, сломанные столы и горшки с Надиными растениями, многие из которых были еще живы ― как будто кто-то вырубил лес, где цвела неведомая людям жизнь… 
Так, оно, в сущности, и обстояло ― но, поскольку я уже знал, как причудливо отразится и разрастется этот лес в будущем, я не особо грустил.   
А лес назывался просто « Лес».   
Вокруг лес, все еще в зимнем оцепенении, а вперемежку с лесом тянутся девственно чистые и совершенно безжизненные поля. 
Бандиты же просто загнаны в лес и ищут спонсоров. 
Добывается сырье ( лес, нефть, газ, руда, сельскохозяйственные культуры и др. 
Как-то раз пошли они в лес за грибами. 
Ну а третья, которая совсем дура, попав в лес, взяла и заблудилась. 
Вот на острове, там да: один сумасшедший извращенец заманил меня в лес и чуть не задушил. 
Так он смотрел на нее там, на острове, перед тем как заманить в лес. 
Первую калитку миновали в районе Палара, и дальше ровная каменистая тропа катилась через каштановый лес до самого Вессинаро…   
Взвыв без звука, он втянул голову и, выставив острые плечи, побежал как сквозь лес, маневрируя между телами. 
Ничего: горы, лес, деревеньки… 
Весь народ тогда ушел в лес, города и села опустели. 
Шаркая чешками, мы приседали, кружились в хороводе, ― взявшись за руки, пели и декламировали, кто в лес, кто по дрова.   
Она ходила с бабушкой в лес за грибами и ягодами и всей грудью вдыхала сырой и прохладный хвойный воздух густого леса. 
Она научилась кататься на лыжах и ездила по выходным с друзьями в лес. 
А весной лес наполнялся пением птиц, нежными и яркими цветами, прохладной темнотой. 
Заканчивается все дракой, омоновцы сперва побеждают, а ночью мужики устраивают им майдан, сжигают полицейских в сарае и уходят в лес, в « приморские партизаны». 
Потому что без спроса в лес подался. 
Вокруг стоял, как писали в документах того времени, « пустой черной дикой лес», в котором пошаливали черемисы, так и не смирившиеся с падением Казани. 
Вот такой же был тогда и лес ― могучие, высокоствольные дубы и неизвестно на какой высоте оканчивающиеся мачтовые сосны. 
Михаил Иванович Глинка приезжал в Судиславль, когда писал свою знаменитую оперу и даже собирался идти в лес, чтобы заблудиться и попасть в болото. 
В грибную пору жители Судиславля и окрестных деревень даже дома, случалось, заколачивали и уходили семьями в лес, на грибной промысел. 
Опрокинутый лес механических рук скрыл от глаз Игоря разложенные на столах органы и развороченные повторным вскрытием остовы тел. 
Еще один представитель военного поколения, автор знаковой партизанской песни Великой Отечественной « Шумел сурово брянский лес» и многих подобострастных пьес, не сходивших со сцен страны. 
Этот мировоззренческий опыт по уединению от общества описан в его книге « Уолден, или Жизнь в лесу» ( 1854): « Я ушел в лес потому, что хотел жить разумно, иметь дело лишь с важнейшими фактами жизни и попробовать чему-то от нее научиться, чтобы не оказалось перед смертью, что я вовсе не жил… 
Вышли, оделись и медленно пошли вдоль озера, потом в лес. 
Хваткий, бедовый лешачонок поскачет зайцем, полетит тетеревом, поползет ужом ― сквозь лес, сырой и дремучий, через ледяные ручьи и страшные топи ― дальше, дальше. 
Было время, когда Лореаса ходила через лес ― ступала по сухому суглинку и моховым коврам, вброд переходила ручьи, пробегала над оврагами по наклонным стволам и толстым веткам. 
Городское собрание решило, что преподнесет тебе ленту почетной горожанки, если ты согласишься покинуть лес.   
Чтобы обезопасить живых, Дева вырастила необъятный Королевский Лес. 
Она даже берет учеников ― не пению Снов их, конечно, учит, а травознатству… А вот Мелинда, дочь Мериалы, дочери Мелузины, напротив, переселилась поглубже в лес…»    
Лес тянется и тянется, пока, наконец, не расступается и не появляются пятиэтажки, пятиэтажки, пятиэтажки, которые сменяются высокими серыми башнями.   
Дорога сначала идёт по берегу озера, затем сворачивает в лес. 
В лес ехать ― вообще проблем нет. 
Они распространяются по низам, лес не гибнет, от деревьев не остается голых головешек, но вид все равно неприглядный, и определенный экологический ущерб наносится. 
Так прочитывается — в новых, гулких звукосмыслах любви — длинный « Дождь», притом что начинается на серой и глухой ноте: « В потёмках дождь, как через лес мордва, / на войлоке выходит в острова» 
Надеемся, что вы станете патриотами нашей страны, будете любить и приумножать наше главное богатство — лес». 
А 18 мая по всей стране пройдет экологическая акция, в ходе которой в России будет высажено более 10 миллионов саженцев, чтобы наш лес продолжал радовать нас своим богатством». 
Основную продукцию для торговли с заморскими купцами — меха, пеньку, воск и мед — давал тогда лес. 
Администрация района в 2011 году заключила семь договоров участия в долевом строительстве многоквартирного жилого дома с ООО « Адепт Лес Холдинг». 
Разным организациям, включая и прокуратуру, ООО « Адепт Лес Холдинг» представлял разные проекты, глядя по ситуации. 
Вслед за ушедшими в лес охотниками я отправляюсь на снегоходе с Дмитрием Графовым. 
А тем временем группа охотников, растянувшись цепью с противоположной стороны загона, с криками, выстрелами начала прочесывать лес. 
Так, на одном из рисунков изображены весы, на одной чаше которых зеленеет лес, на другой дымятся заводы. 
Старые люди рассказывали, что однажды в такую же холодную Масленицу маленькая девочка ушла в лес и заблудилась. 
Вот еще одна выдержка из того же источника: « Лес — такого рода собственность, что, отдавая ее вполне в руки эксплуататора, мы должны или связать его самым мелочным контролем ( а на этом основании никакой контракт не состоится), или дать ему свободу, но уже тогда жертвовать дачею». 
Обожаемые всеми местными лисички предпочитают, наоборот, нижний лес, на уровне моря. 
Только грибы, грибы, грибы, как на картинках, полный лес свежих грибов. 
Солнечными днями с вершин у Зачарованных озёр видна пустыня, а путь к ним лежит через лес покорёженный вырубкой, болезнями и регулярными пожарами. 
Я люблю их за густой тёмный влажный лес на подходе, за их камерность и малый размер. 
Потом многоцветное закрыл лес. 
Потом опять лес и темнота. 
Потом станция и множество, множество путей на широком освещенном пространстве, и путеец, и рельсовый кран, а потом снова пустой темный лес.   
И у них там Чернозем, лес такой черный был, все Черноземом звали. 
Пришли, только сели- то, ну она там, что сказали, сделала, видимо, как лес гнуть начало, шум такой пошел. 
Он сидел в пяти, в шести метрах от Коли у окна с видом на синий лес, на поле, на кусок речки, на доски вагона, на серый вокзал, на дома, на крыши, на огороды… ― долго летели виды за окном, время шло долго теперь, и Коля его уже не хотел ускорять.   
Вокруг Коли всё теперь было спокойно ― зеленый лес, синее небо, где-то в вышине шумел товарняк. 
Узенькая тропа, мелкая речка слева, редкий лес, солнце в зените… ― всё то, что теперь окружало Коркина и Бегичева. 
Поля, лес, речка…   
Бородатые врачи, ученые в очках рты разевали, когда им казалось, что они более не умеют читать, или что через текст некто с ними общается… кто-то потом пить бросал, кто-то вновь тянулся к стакану, кто-то в лес уезжал, ― им, конечно, казалось, что они сходят с ума, что у них проблемы с рассудком!  
Его Лес был единственным, других не существовало. 
В то же время он знал: Лес не бесконечен. 
Но добраться туда было едва ли под силу ему, маленькому и слабому… Ведь Лес был огромен, и тоже прятал в себе целые миры. 
Летом и в начале осени ходили в Лес с отцом, ходили далеко ― целый час шли, с обязательным привалом на поваленной ветром огромной сухой ели, похожей на костяк доисторического ящера из уютной вечерней книжки, шли до места, где дорога сказочно расстраивалась, и не хватало только камня с высеченной на нем надписью: направо пойдешь ― коня потеряешь, прямо пойдешь, сам пропадешь… Отец называл это место « вилкой 
Лес ― черный и, казалось, совершенно немой, внезапно откликался жуткими голосами: « У- у!»  
Меня разрывали мысли, едва понятные мне самому, воспоминания и звуки, и вся душа была как лес, гудящий оводами и гнусом.   
Бывало, я слышал, как бахвалится Ябтонга, ― вместе с Явире- Блестящим они уходили в лес и говорили о своей будущей счастливой жизни, о которой не решались говорить в чуме, боясь Лара. 
Я тащил в лес тяжелые мерзлые головы, не издававшие никакого запаха, потом помогал матери. 
Я ушел далеко в лес, стащил с себя малицу и, опустившись на колени, начал оттирать снегом лицо, лоб, волосы. 
Несколько дней я бегал в лес, поднимал припорошенную снегом бересту и сосредоточенно работал. 
Они, словно нескончаемый лес, вырастали на пути теоретиков. 
Пышный подводный лес превращается в унылый, беловатый каркас, составленный из известковых скелетов.   
А еще ― ни с того ни с сего запретил бабам, сроду такого не знали, в лес по грибы ходить, ягоды собирать. 
Путь из гостиницы на аэродром лежал через хвойный лес. 
Скоро каникулы у детей, надо что-то думать, куда-то их отправлять покататься на лыжах, что ли, или просто воздухом подышать… В прошлом году Эля забрала ребят на зимние каникулы к себе в загородный дом, водила их на каток и в лес на лыжах, возила куда-то кататься на запряженных лошадками санях, и тогда же впервые отвела Василису в конный манеж, чтобы та могла вдоволь пообщаться 
И к нему сразу выстраивался лес рук. 
Оля прижалась ко мне, и я почувствовал, как она дрожит… Остальные девчонки тоже струхнули, сидят, глаза вполлица, да и пацаны стали на лес оглядываться. 
Не успели мы отойти от полянки и зайти в лес, как стало совсем темно, еще какое-то время позади звучали голоса, чей-то смех, а потом наступила тишина, не было слышно даже ветра. 
Поле и лес постепенно стали уходить из виду, по ходу движения наплывала столовая и один из корпусов. 
А то в понедельник снова на сутки, так и осень закончится, а я все в лес никак не попаду. 
Он уже привык к своему новому месту, сжился с ним, как некогда ― с Падуей и Флоренцией, где учился, и только в мягких снах, забываясь над книжными строками и страницами, изредка возвращался на родину ― вот как в этом, с сочной травой, солнечным виноградником за спиной, дорогой… длинной дорогой… выбежавшей из воды в лес… старый кудесный лес с большими незнакомыми деревьями… белыми, холодными… и дорога 
силам срубить большой сосновый дом. Лес, сосну отпускали далеко. 
Но одно дело лес, а другое ― те, кто приходят при Луне. 
Сейчас всё леспромхозникам отдали, весь лес, все дела. 
Справа лес, слева вроде бы, тоже. 
Но провожая взглядом очередную иномарку, оставившую меня без внимания, зачем-то глянул чуть левее, где лес. 
А сам глядел вправо или вперёд: лес, гора, гора, покрытая лесом. 
Отправил в лес могилу копать и убил бы, если бы в том лесу мой второй и теперешний папа не появился.   
В отличие от городского парка, здесь кругом густой, буреломистый лес. 
Хрупкий тревожный лесной сон. Лес укрывает глухая пороша. 
Видимо, здешний лес действует на меня каким-то образом, и я вижу во сне истории чужих жизней. 
Это только мы вбили себе, что это — просто лес, много- много деревьев. 
Совсем скоро лес смолкнет. 
В 1942 году он пишет картину « Задумчивое озеро», весь 1943 год работает над полотном « Задумчивый лес». 
За другим ― дом у реки, лес и вечернее небо. 
Как будто там был низкий неровный лес, ветки которого колыхались под ветром. 
Тут же я понял, что там не лес.   
Когда ты наконец поднимаешься наверх, ― продолжал Аполло, ― выясняется, что тебя ждет поединок с гигантским пауком ― и чем дальше в лес, тем толще пауки. 
Речка, лес ― все было заново. 
Собаки, дремавшие на солнце, поднялись и заворчали в лес. 
Лес, скалы, осыпи, мохнатые стланики ― все ждало снега. 
По ручью росли старые тополя, лес был проглядный. 
А Трофимыча в лес тянет. 
Если в лесу том стоять, сквозь лес видно горизонт почему-то. 
Сосновый. Лес наш себе на уме.   
Агафья боялась все, как бы Кикимора в лес не забрала. 
А как-то, говорит Агафья, Кикимора моего сына в лес забрала, мне помоги, Геля, найти. 
А еще Паленого лес уважает.   











































































































































































































































































































































































































































